ProjectID,TaskID,PhaseID,Discipline,TaskName,BaselineStart,BaselineFinish,ActualStart,ActualFinish,PercentComplete,Status,Priority,PlannedDurationDays,ActualDurationDays,BudgetCostCAD,ActualCostCAD,PredecessorTaskID
PRJ001,T001,PH01,PM,Kickoff meeting & stakeholder alignment,2025-03-03,2025-03-06,2025-03-03,2025-03-04,100,Complete,Medium,3,1,5000,5245,
PRJ001,T002,PH01,Civil,Topographic survey & site assessment,2025-03-05,2025-03-10,2025-03-05,2025-03-12,100,Complete,Medium,5,7,17665,18507,
PRJ001,T003,PH01,Design,Concept design package,2025-03-07,2025-03-17,2025-03-06,2025-03-16,100,Complete,Medium,10,10,17011,17286,
PRJ001,T004,PH01,Design,Schematic design review,2025-03-12,2025-03-17,2025-03-15,2025-03-19,100,Complete,Medium,5,4,7016,7046,T003
PRJ001,T005,PH01,Design,Design development package,2025-03-14,2025-03-26,2025-03-12,2025-03-24,100,Complete,Medium,12,12,23308,23234,T004
PRJ001,T006,PH01,Design,Construction drawings (IFC),2025-03-20,2025-04-04,2025-03-17,2025-04-01,100,Complete,Medium,15,15,15616,17096,
PRJ001,T007,PH02,PM,Permit submission,2025-03-31,2025-04-02,2025-03-30,2025-04-01,100,Complete,Medium,2,2,5000,5073,
PRJ001,T008,PH02,PM,Permit review & revisions,2025-04-02,2025-04-16,2025-04-02,2025-04-14,100,Complete,Medium,14,12,8924,9080,
PRJ001,T009,PH02,Procurement,Tender package & bid period,2025-04-09,2025-04-23,2025-04-13,2025-04-27,100,Complete,Medium,14,14,5933,5846,T008
PRJ001,T010,PH02,Procurement,Award contracts,2025-04-16,2025-04-20,2025-04-17,2025-04-24,100,Complete,Medium,4,7,5000,5506,
PRJ001,T011,PH02,Procurement,"Long-lead procurement (steel, AHUs)",2025-04-18,2025-05-18,2025-04-17,2025-05-14,100,Complete,Medium,30,27,30148,30135,T010
PRJ001,T012,PH03,Site,Mobilization & site fencing,2025-05-04,2025-05-08,2025-05-04,2025-05-08,100,Complete,Medium,4,4,6265,5999,
PRJ001,T013,PH03,Civil,Erosion & sediment control,2025-05-06,2025-05-09,2025-05-06,2025-05-09,100,Complete,Medium,3,3,10032,9351,T012
PRJ001,T014,PH03,Site,Demolition & clearing,2025-05-08,2025-05-15,2025-05-09,2025-05-17,100,Complete,Medium,7,8,17380,18773,T013
PRJ001,T015,PH03,Civil,Excavation,2025-05-11,2025-05-21,2025-05-15,2025-05-22,100,Complete,Medium,10,7,30948,34651,T014
PRJ001,T016,PH03,Concrete,Footings,2025-05-16,2025-05-24,2025-05-16,2025-05-21,100,Complete,High,8,5,56799,64611,
PRJ001,T017,PH03,Concrete,Foundation walls,2025-05-20,2025-05-30,2025-05-18,2025-05-26,100,Complete,High,10,8,43815,39211,
PRJ001,T018,PH03,MEP,Underslab services,2025-05-25,2025-06-01,2025-05-25,2025-06-03,100,Complete,Medium,7,9,13741,15472,T017
PRJ001,T019,PH03,Concrete,Slab-on-grade pour,2025-05-28,2025-06-02,2025-05-28,2025-06-02,100,Complete,High,5,5,36770,36846,
PRJ001,T020,PH04,Structure,Structural steel erection,2025-06-06,2025-06-21,2025-06-02,2025-06-19,100,Complete,High,15,17,195198,236098,
PRJ001,T021,PH04,Structure,Decking & roof structure,2025-06-14,2025-06-24,2025-06-21,2025-07-01,100,Complete,High,10,10,92235,87875,T020
PRJ001,T022,PH04,Structure,Exterior framing,2025-06-19,2025-07-01,2025-06-19,2025-06-30,100,Complete,High,12,11,116655,118748,T021
PRJ001,T023,PH04,Envelope,Building envelope (sheathing/air barrier),2025-06-25,2025-07-07,2025-06-24,2025-07-04,100,Complete,Medium,12,10,19678,17960,T022
PRJ001,T024,PH04,Envelope,Windows & glazing,2025-07-01,2025-07-11,2025-07-03,2025-07-12,100,Complete,Medium,10,9,43609,49374,
PRJ001,T025,PH04,Envelope,Roofing membrane,2025-07-06,2025-07-14,2025-07-07,2025-07-14,100,Complete,Medium,8,7,6190,6173,
PRJ001,T026,PH05,Electrical,Electrical rough-in,2025-07-31,2025-08-15,2025-07-29,2025-08-13,100,Complete,High,15,15,50896,53163,
PRJ001,T027,PH05,Plumbing,Plumbing rough-in,2025-08-08,2025-08-22,2025-08-07,2025-08-18,100,Complete,High,14,11,58171,57524,T026
PRJ001,T028,PH05,HVAC,HVAC rough-in,2025-08-15,2025-08-31,2025-08-14,2025-09-01,100,Complete,High,16,18,106802,109703,T027
PRJ001,T029,PH05,Fire,Fire protection rough-in,2025-08-23,2025-09-02,2025-08-23,2025-08-31,100,Complete,Medium,10,8,30396,30911,T028
PRJ001,T030,PH05,MEP,MEP inspections,2025-08-28,2025-09-04,2025-08-31,2025-09-09,100,Complete,Medium,7,9,5066,4839,T029
PRJ001,T031,PH06,Interiors,Drywall install,2025-08-20,2025-09-03,2025-08-21,2025-09-01,100,Complete,Medium,14,11,85711,81369,
PRJ001,T032,PH06,Interiors,Drywall finishing,2025-08-27,2025-09-08,2025-08-24,2025-09-07,100,Complete,Medium,12,14,53781,60720,
PRJ001,T033,PH06,Finishes,Prime & paint,2025-09-02,2025-09-14,2025-09-02,2025-09-11,100,Complete,Medium,12,9,34516,34992,T032
PRJ001,T034,PH06,Finishes,Ceilings (T-bar & specialty),2025-09-08,2025-09-18,2025-09-09,2025-09-19,60,In Progress,Medium,10,10,40399,29844,T033
PRJ001,T035,PH06,Finishes,Flooring installation,2025-09-13,2025-09-25,2025-09-11,2025-09-25,28,In Progress,Medium,12,14,33514,10923,
PRJ001,T036,PH06,Finishes,Millwork & casework,2025-09-19,2025-09-29,2025-09-18,2025-09-29,0,Not Started,Medium,10,11,42863,0,
PRJ001,T037,PH06,Finishes,Doors & hardware,2025-09-24,2025-10-02,2025-09-25,2025-10-04,0,Not Started,Medium,8,9,26121,0,
PRJ001,T038,PH06,Electrical,Lighting fixtures install,2025-09-28,2025-10-05,2025-09-28,2025-10-02,0,Not Started,Medium,7,4,21572,0,T037
PRJ001,T039,PH06,Plumbing,Plumbing fixtures install,2025-10-01,2025-10-08,2025-10-02,2025-10-08,0,Not Started,Medium,7,6,25508,0,T038
PRJ001,T040,PH06,HVAC,Final HVAC equipment install,2025-10-04,2025-10-12,2025-10-06,2025-10-10,0,Not Started,Medium,8,4,44748,0,T039
PRJ001,T041,PH06,Specialty,Elevator installation,2025-10-08,2025-10-22,2025-10-08,2025-10-24,0,Not Started,Medium,14,16,53993,0,
PRJ001,T042,PH07,Commissioning,Controls & balancing,2025-10-24,2025-11-03,2025-10-26,2025-11-02,0,Not Started,Medium,10,7,12740,0,
PRJ001,T043,PH07,Commissioning,Life safety testing,2025-10-29,2025-11-04,2025-10-29,2025-11-03,0,Not Started,Medium,6,5,13765,0,T042
PRJ001,T044,PH07,Closeout,Final clean,2025-11-01,2025-11-04,2025-10-31,2025-11-01,0,Not Started,Medium,3,1,5000,0,T043
PRJ001,T045,PH07,Closeout,Deficiency walk-through (punch list),2025-11-03,2025-11-08,2025-11-05,2025-11-11,0,Not Started,Medium,5,6,5000,0,T044
PRJ001,T046,PH07,Closeout,Punch list completion,2025-11-05,2025-11-15,2025-11-05,2025-11-17,0,Not Started,High,10,12,14927,0,
PRJ001,T047,PH07,Closeout,Owner training & handover,2025-11-10,2025-11-13,2025-11-09,2025-11-10,0,Not Started,Medium,3,1,5000,0,T046
PRJ001,T048,PH07,Closeout,Substantial completion / occupancy,2025-11-12,2025-11-13,2025-11-13,2025-11-15,0,Not Started,Medium,1,2,5000,0,
