EmployeeID,Name,DepartmentID,HireDate,SalaryText,AgeGroup,Gender
1,Drew Johnson,1,2015-06-30,"$99,012 (Grade 6)",30-39,Male
2,Parker Johnson,11,2011-12-14,"$107,870 (Grade 6)",60+,Female
3,Alex Smith,2,2021-05-02,"$45,811 (Grade 2)",60+,Male
4,Cameron Lee,12,2022-03-23,"$112,981 (Grade 6)",50-59,Male
5,Jamie Hall,5,2010-02-23,"$138,485 (Grade 7)",30-39,Female
6,Casey Garcia,3,2017-07-20,"$54,509 (Grade 2)",20-29,Male
7,Avery Johnson,6,2023-07-17,"$121,270 (Grade 7)",40-49,Male
8,Parker Lewis,9,2011-10-08,"$41,201 (Grade 1)",60+,Female
9,Blake Allen,10,2022-12-13,"$121,850 (Grade 7)",30-39,Male
10,Alex Allen,4,2011-10-16,"$119,482 (Grade 7)",30-39,Male
11,Avery Garcia,8,2013-08-25,"$101,954 (Grade 6)",40-49,Female
12,Morgan Allen,5,2024-07-14,"$112,398 (Grade 6)",20-29,Male
13,Cameron Young,4,2018-07-06,"$49,573 (Grade 2)",40-49,Male
14,Drew Martin,14,2011-04-04,"$135,427 (Grade 7)",30-39,Male
15,Reese Martin,7,2014-09-25,"$51,084 (Grade 3)",60+,Female
16,Morgan Allen,8,2013-03-16,"$75,035 (Grade 4)",40-49,Male
17,Morgan Young,9,2023-02-10,"$83,609 (Grade 5)",50-59,Female
18,Casey Lee,3,2012-01-15,"$91,171 (Grade 5)",20-29,Male
19,Taylor Allen,3,2019-06-21,"$132,298 (Grade 7)",60+,Male
20,Avery Clark,10,2015-08-22,"$77,338 (Grade 4)",60+,Male
21,Drew Young,2,2015-12-26,"$107,595 (Grade 6)",40-49,Male
22,Riley Clark,3,2015-11-28,"$60,106 (Grade 4)",60+,Male
23,Cameron Scott,2,2016-09-10,"$130,489 (Grade 7)",60+,Male
24,Taylor Martin,13,2021-11-23,"$50,837 (Grade 2)",20-29,Female
25,Jamie Smith,2,2016-11-24,"$64,396 (Grade 3)",30-39,Male
26,Morgan Scott,10,2020-11-25,"$36,403 (Grade 1)",20-29,Male
27,Taylor Allen,8,2015-12-12,"$80,410 (Grade 5)",60+,Female
28,Morgan Scott,9,2014-07-06,"$133,918 (Grade 7)",40-49,Female
29,Drew Allen,6,2020-02-16,"$76,959 (Grade 4)",20-29,Male
30,Morgan Johnson,6,2022-06-04,"$44,638 (Grade 1)",30-39,Male
31,Alex Johnson,12,2015-02-19,"$91,929 (Grade 6)",20-29,Male
32,Blake Martin,2,2016-03-31,"$82,798 (Grade 5)",50-59,Male
33,Cameron Brown,12,2020-08-08,"$93,881 (Grade 5)",30-39,Female
34,Reese Clark,4,2024-10-12,"$36,588 (Grade 1)",50-59,Female
35,Avery Clark,8,2011-03-20,"$133,890 (Grade 7)",20-29,Male
36,Avery Young,6,2012-06-14,"$138,235 (Grade 7)",30-39,Male
37,Morgan Walker,8,2014-02-12,"$48,912 (Grade 2)",40-49,Female
38,Morgan Wright,15,2022-05-06,"$42,260 (Grade 1)",20-29,Male
39,Drew Walker,14,2015-04-21,"$36,528 (Grade 1)",30-39,Female
40,Jamie Lewis,4,2011-04-26,"$123,141 (Grade 7)",30-39,Female
41,Alex Clark,5,2020-03-16,"$135,727 (Grade 7)",40-49,Female
42,Parker Young,13,2013-06-22,"$90,947 (Grade 5)",30-39,Female
43,Morgan Smith,10,2011-05-15,"$107,766 (Grade 6)",40-49,Male
44,Alex Hall,8,2013-07-13,"$92,403 (Grade 5)",20-29,Male
45,Blake Brown,2,2015-04-11,"$77,226 (Grade 5)",50-59,Male
46,Kendall Hall,4,2010-11-22,"$94,481 (Grade 5)",60+,Male
47,Avery Allen,10,2017-02-04,"$92,130 (Grade 5)",40-49,Male
48,Drew Young,6,2018-11-17,"$46,351 (Grade 2)",30-39,Female
49,Jamie Martin,15,2010-03-18,"$112,377 (Grade 7)",50-59,Male
50,Jordan Walker,4,2012-12-21,"$83,690 (Grade 5)",40-49,Male
51,Kendall Lee,6,2019-10-30,"$52,584 (Grade 3)",60+,Female
52,Quinn King,11,2024-12-24,"$75,256 (Grade 5)",60+,Female
53,Kendall Allen,2,2012-08-03,"$46,333 (Grade 2)",20-29,Male
54,Riley Garcia,10,2017-09-09,"$53,757 (Grade 2)",30-39,Female
55,Cameron Lewis,5,2012-01-27,"$111,664 (Grade 7)",50-59,Female
56,Alex Smith,6,2024-04-16,"$114,286 (Grade 7)",40-49,Male
57,Parker Lewis,9,2022-07-31,"$104,014 (Grade 6)",20-29,Male
58,Jordan Scott,12,2010-10-23,"$50,938 (Grade 2)",40-49,Male
59,Avery Brown,1,2010-11-23,"$55,974 (Grade 3)",40-49,Male
60,Drew Lee,11,2022-07-23,"$40,794 (Grade 1)",50-59,Male
61,Kendall Scott,4,2013-12-21,"$115,324 (Grade 7)",50-59,Male
62,Taylor Young,15,2019-03-27,"$62,818 (Grade 3)",30-39,Female
63,Taylor King,12,2010-11-14,"$41,267 (Grade 1)",50-59,Male
64,Morgan Wright,15,2016-11-05,"$71,457 (Grade 4)",30-39,Male
65,Alex Allen,4,2016-04-01,"$70,756 (Grade 4)",20-29,Female
66,Casey Allen,9,2017-06-05,"$77,570 (Grade 4)",20-29,Male
67,Kendall Garcia,3,2010-11-10,"$83,698 (Grade 5)",20-29,Female
68,Casey Young,13,2023-08-07,"$57,149 (Grade 3)",60+,Male
69,Avery Scott,10,2010-12-30,"$46,173 (Grade 2)",50-59,Male
70,Cameron Scott,13,2018-03-03,"$81,456 (Grade 5)",50-59,Male
71,Drew Scott,6,2024-11-17,"$85,286 (Grade 5)",20-29,Female
72,Cameron Garcia,11,2019-01-10,"$70,688 (Grade 4)",40-49,Male
73,Morgan Clark,11,2023-10-22,"$65,702 (Grade 4)",60+,Female
74,Avery Walker,14,2016-06-08,"$39,978 (Grade 1)",30-39,Female
75,Reese Hall,10,2020-06-06,"$100,559 (Grade 6)",50-59,Female
76,Drew Lee,9,2024-10-11,"$65,560 (Grade 4)",20-29,Female
77,Cameron Allen,11,2012-02-05,"$85,983 (Grade 5)",30-39,Female
78,Morgan King,4,2011-01-14,"$42,400 (Grade 2)",30-39,Female
79,Quinn Wright,13,2019-04-19,"$42,461 (Grade 1)",60+,Male
80,Parker Young,7,2015-06-22,"$73,095 (Grade 4)",30-39,Male
81,Kendall King,14,2012-05-23,"$139,014 (Grade 7)",50-59,Male
82,Taylor King,12,2011-02-16,"$90,222 (Grade 5)",60+,Male
83,Kendall Wright,2,2020-06-03,"$64,369 (Grade 4)",60+,Female
84,Reese Scott,8,2019-07-28,"$91,540 (Grade 5)",60+,Female
85,Kendall Brown,12,2020-02-04,"$125,554 (Grade 7)",40-49,Male
86,Blake Allen,5,2021-09-10,"$135,482 (Grade 7)",50-59,Male
87,Riley Lewis,2,2015-04-05,"$99,362 (Grade 6)",40-49,Female
88,Casey Scott,9,2013-05-20,"$37,267 (Grade 1)",30-39,Female
89,Parker Brown,12,2019-04-22,"$43,052 (Grade 2)",50-59,Female
90,Cameron Lewis,7,2019-06-04,"$38,388 (Grade 1)",50-59,Male
91,Blake Scott,13,2020-09-12,"$87,464 (Grade 5)",20-29,Female
92,Riley King,7,2019-05-26,"$139,217 (Grade 7)",60+,Male
93,Jamie Lee,5,2010-08-26,"$75,913 (Grade 4)",50-59,Female
94,Drew Allen,13,2020-06-25,"$65,408 (Grade 4)",30-39,Male
95,Kendall Clark,10,2011-11-19,"$75,888 (Grade 5)",50-59,Male
96,Blake Lewis,3,2018-07-03,"$39,262 (Grade 1)",40-49,Male
97,Jamie Martin,6,2018-07-03,"$138,824 (Grade 7)",40-49,Female
98,Riley Wright,2,2022-02-05,"$60,635 (Grade 4)",20-29,Female
99,Morgan Allen,2,2010-11-26,"$131,356 (Grade 7)",20-29,Male
100,Morgan Wright,1,2015-05-09,"$79,993 (Grade 5)",30-39,Female
101,Drew Johnson,10,2015-10-01,"$49,619 (Grade 2)",40-49,Male
102,Quinn Hall,12,2013-09-03,"$93,753 (Grade 6)",40-49,Male
103,Quinn Smith,15,2018-06-02,"$59,433 (Grade 3)",50-59,Male
104,Jordan Hall,12,2015-06-13,"$130,553 (Grade 7)",20-29,Female
105,Blake Allen,10,2022-09-11,"$113,966 (Grade 7)",20-29,Female
106,Cameron Clark,11,2021-05-07,"$51,129 (Grade 3)",40-49,Male
107,Blake Clark,14,2019-09-22,"$63,458 (Grade 4)",40-49,Female
108,Parker Brown,7,2021-09-14,"$54,022 (Grade 2)",40-49,Female
109,Jamie Clark,14,2016-01-08,"$109,414 (Grade 6)",40-49,Male
110,Blake Scott,2,2020-02-10,"$64,444 (Grade 3)",30-39,Female
111,Quinn Hall,11,2010-08-24,"$71,023 (Grade 4)",50-59,Female
112,Taylor Lewis,4,2015-10-18,"$63,071 (Grade 3)",40-49,Female
113,Kendall Hall,12,2010-03-25,"$59,106 (Grade 3)",60+,Male
114,Jordan Lee,12,2022-06-15,"$76,009 (Grade 4)",30-39,Female
115,Drew Young,8,2012-02-02,"$60,565 (Grade 4)",40-49,Male
116,Avery Young,4,2023-01-17,"$60,878 (Grade 3)",40-49,Female
117,Cameron Walker,6,2017-06-02,"$78,035 (Grade 4)",40-49,Female
118,Riley Garcia,5,2014-04-27,"$43,976 (Grade 2)",40-49,Male
119,Parker Walker,13,2014-04-19,"$96,066 (Grade 6)",30-39,Female
120,Riley Young,10,2023-05-21,"$127,191 (Grade 7)",40-49,Male
121,Blake Lee,5,2014-01-09,"$47,912 (Grade 2)",40-49,Male
122,Parker Walker,3,2011-03-23,"$50,745 (Grade 3)",60+,Female
123,Parker Brown,11,2021-01-04,"$134,667 (Grade 7)",20-29,Male
124,Quinn Garcia,8,2017-08-23,"$74,433 (Grade 4)",30-39,Male
125,Riley Wright,8,2018-12-27,"$36,070 (Grade 1)",50-59,Male
126,Quinn Allen,11,2013-05-07,"$37,485 (Grade 1)",60+,Female
127,Jordan Lee,2,2023-08-07,"$88,637 (Grade 5)",60+,Male
128,Reese Walker,7,2016-09-01,"$74,507 (Grade 4)",60+,Female
129,Riley Hall,10,2012-03-23,"$44,988 (Grade 1)",30-39,Male
130,Riley Allen,2,2013-11-24,"$45,929 (Grade 2)",60+,Male
131,Taylor Smith,7,2020-07-16,"$79,458 (Grade 4)",40-49,Male
132,Morgan Garcia,12,2020-03-08,"$61,517 (Grade 3)",20-29,Male
133,Kendall Garcia,13,2023-03-25,"$130,481 (Grade 7)",30-39,Female
134,Jordan Walker,4,2015-12-17,"$94,882 (Grade 6)",30-39,Male
135,Alex Brown,13,2022-10-07,"$59,749 (Grade 3)",40-49,Female
136,Jordan Lewis,12,2019-01-11,"$61,464 (Grade 3)",40-49,Female
137,Jamie Johnson,10,2017-03-25,"$42,078 (Grade 1)",60+,Female
138,Alex Johnson,4,2023-03-03,"$108,848 (Grade 6)",20-29,Female
139,Quinn Smith,13,2020-07-21,"$115,740 (Grade 7)",60+,Female
140,Kendall Garcia,3,2024-03-28,"$89,283 (Grade 5)",50-59,Male
141,Jamie Martin,7,2025-01-11,"$55,260 (Grade 3)",20-29,Male
142,Casey Clark,12,2024-11-10,"$69,444 (Grade 4)",50-59,Male
143,Jamie Johnson,6,2012-08-07,"$55,296 (Grade 3)",50-59,Male
144,Drew Wright,9,2011-03-21,"$73,541 (Grade 4)",30-39,Female
145,Quinn King,8,2011-02-27,"$104,484 (Grade 6)",30-39,Female
146,Cameron Brown,15,2020-11-14,"$57,178 (Grade 3)",20-29,Male
147,Drew Hall,13,2013-07-21,"$53,629 (Grade 2)",40-49,Male
148,Cameron Clark,2,2020-05-08,"$43,858 (Grade 2)",20-29,Male
149,Jamie Scott,12,2016-02-18,"$58,337 (Grade 3)",50-59,Female
150,Jamie Lee,8,2018-08-09,"$79,739 (Grade 5)",30-39,Male
151,Blake Johnson,5,2019-04-23,"$135,886 (Grade 7)",40-49,Female
152,Blake Smith,5,2023-03-02,"$99,783 (Grade 6)",60+,Female
153,Blake Brown,8,2017-09-28,"$90,870 (Grade 5)",40-49,Female
154,Jamie Scott,6,2015-05-11,"$116,181 (Grade 7)",60+,Female
155,Morgan Wright,13,2017-02-19,"$61,430 (Grade 4)",50-59,Female
156,Avery Allen,13,2013-05-31,"$131,365 (Grade 7)",50-59,Male
157,Taylor Walker,10,2012-04-02,"$64,249 (Grade 3)",50-59,Male
158,Cameron Scott,8,2019-03-13,"$37,361 (Grade 1)",30-39,Male
159,Jamie King,5,2018-12-01,"$60,211 (Grade 3)",20-29,Female
160,Blake Allen,14,2017-02-07,"$87,452 (Grade 5)",50-59,Male
161,Quinn Johnson,4,2016-06-12,"$112,426 (Grade 6)",30-39,Male
162,Avery Johnson,13,2012-04-03,"$113,065 (Grade 6)",50-59,Male
163,Parker Garcia,15,2017-04-11,"$35,753 (Grade 1)",20-29,Female
164,Casey Martin,7,2021-11-30,"$46,000 (Grade 2)",50-59,Male
165,Taylor Brown,2,2023-11-25,"$87,535 (Grade 5)",30-39,Female
166,Kendall Hall,3,2024-04-22,"$49,555 (Grade 2)",40-49,Female
167,Riley Allen,1,2016-06-14,"$125,245 (Grade 7)",60+,Male
168,Jordan Lewis,6,2024-05-01,"$84,802 (Grade 5)",50-59,Female
169,Jamie Wright,5,2020-11-02,"$48,302 (Grade 2)",20-29,Male
170,Avery Hall,6,2016-08-15,"$84,695 (Grade 5)",20-29,Female
171,Riley Smith,10,2011-02-06,"$132,472 (Grade 7)",60+,Female
172,Blake Scott,15,2015-03-01,"$62,709 (Grade 3)",60+,Female
173,Morgan Allen,4,2024-10-14,"$83,212 (Grade 5)",30-39,Male
174,Kendall Allen,11,2019-11-21,"$40,061 (Grade 1)",20-29,Female
175,Parker Brown,2,2019-04-27,"$55,352 (Grade 3)",30-39,Male
176,Taylor King,9,2021-04-03,"$58,697 (Grade 3)",40-49,Male
177,Riley Scott,14,2017-08-06,"$69,671 (Grade 4)",20-29,Female
178,Jordan Brown,13,2018-11-30,"$53,080 (Grade 2)",60+,Female
179,Jordan King,7,2022-01-13,"$39,332 (Grade 1)",20-29,Female
180,Casey Allen,12,2023-02-10,"$98,590 (Grade 6)",50-59,Female
181,Jordan Allen,4,2023-11-24,"$60,820 (Grade 4)",60+,Female
182,Kendall Hall,4,2024-04-02,"$92,071 (Grade 6)",50-59,Female
183,Drew Clark,2,2010-11-01,"$42,742 (Grade 2)",40-49,Female
184,Jordan Johnson,4,2018-09-19,"$79,445 (Grade 5)",50-59,Female
185,Drew Young,12,2023-03-05,"$88,733 (Grade 5)",30-39,Female
186,Drew Johnson,14,2016-04-10,"$73,373 (Grade 4)",20-29,Female
187,Morgan Lewis,8,2012-03-24,"$47,942 (Grade 2)",40-49,Female
188,Alex Clark,5,2020-03-14,"$44,001 (Grade 2)",20-29,Male
189,Drew Allen,10,2017-06-25,"$35,828 (Grade 1)",30-39,Male
190,Reese Hall,4,2014-08-25,"$44,080 (Grade 1)",60+,Male
191,Blake Wright,4,2013-04-23,"$62,687 (Grade 3)",60+,Male
192,Riley Wright,3,2015-08-16,"$50,850 (Grade 2)",30-39,Male
193,Drew Wright,1,2018-01-13,"$42,243 (Grade 2)",30-39,Female
194,Alex Brown,5,2019-06-11,"$37,076 (Grade 1)",60+,Male
195,Parker Johnson,8,2021-07-06,"$71,863 (Grade 4)",60+,Male
196,Jamie Walker,4,2024-10-11,"$76,420 (Grade 5)",60+,Female
197,Jamie Allen,1,2019-01-04,"$42,847 (Grade 1)",50-59,Male
198,Jamie Young,15,2011-10-24,"$62,408 (Grade 4)",40-49,Male
199,Jordan Brown,5,2022-04-20,"$94,181 (Grade 5)",40-49,Female
200,Quinn Walker,5,2023-07-31,"$76,565 (Grade 4)",50-59,Male
201,Reese Young,2,2024-08-07,"$131,453 (Grade 7)",60+,Male
202,Avery Lewis,15,2017-08-08,"$48,779 (Grade 2)",50-59,Female
203,Avery Young,2,2017-01-04,"$56,992 (Grade 3)",40-49,Female
204,Taylor Allen,15,2012-01-18,"$62,199 (Grade 4)",20-29,Male
205,Avery Johnson,12,2012-12-01,"$102,210 (Grade 6)",60+,Male
206,Quinn Walker,9,2012-09-28,"$60,977 (Grade 3)",50-59,Female
207,Blake Allen,13,2016-06-14,"$61,685 (Grade 4)",60+,Female
208,Casey Johnson,10,2013-06-21,"$81,971 (Grade 5)",50-59,Male
209,Blake Johnson,6,2018-03-31,"$128,227 (Grade 7)",20-29,Female
210,Quinn Lee,13,2023-12-12,"$78,381 (Grade 4)",60+,Male
211,Quinn Scott,11,2015-12-31,"$132,723 (Grade 7)",20-29,Male
212,Riley Young,13,2017-11-15,"$55,567 (Grade 3)",20-29,Male
213,Blake Brown,10,2011-07-25,"$103,132 (Grade 6)",30-39,Male
214,Jordan Young,9,2019-06-02,"$48,163 (Grade 2)",50-59,Female
215,Taylor Martin,5,2022-09-24,"$100,629 (Grade 6)",60+,Male
216,Kendall Smith,3,2023-11-10,"$54,360 (Grade 2)",20-29,Male
217,Riley Lewis,11,2023-08-14,"$75,914 (Grade 4)",50-59,Female
218,Riley Lee,13,2017-09-28,"$78,729 (Grade 5)",50-59,Male
219,Riley Allen,11,2021-10-26,"$90,945 (Grade 5)",40-49,Male
220,Morgan Clark,10,2014-08-02,"$35,125 (Grade 1)",40-49,Male
221,Reese Brown,13,2017-05-11,"$54,742 (Grade 3)",20-29,Male
222,Jamie Young,7,2018-07-12,"$44,116 (Grade 2)",60+,Male
223,Cameron Walker,14,2011-08-14,"$101,605 (Grade 6)",50-59,Male
224,Avery Smith,8,2022-11-30,"$40,129 (Grade 1)",50-59,Female
225,Parker Allen,7,2019-02-01,"$51,887 (Grade 3)",20-29,Female
226,Taylor King,10,2011-12-23,"$71,857 (Grade 4)",50-59,Male
227,Morgan Clark,10,2011-10-07,"$77,169 (Grade 4)",50-59,Female
228,Parker Martin,4,2013-10-09,"$62,765 (Grade 3)",20-29,Male
229,Cameron Walker,4,2017-11-16,"$121,448 (Grade 7)",30-39,Male
230,Jordan Brown,5,2023-07-06,"$44,842 (Grade 2)",30-39,Male
231,Taylor King,11,2022-08-24,"$75,202 (Grade 4)",60+,Female
232,Drew Scott,15,2024-01-26,"$85,590 (Grade 5)",40-49,Male
233,Jamie Johnson,8,2016-02-29,"$69,922 (Grade 4)",60+,Male
234,Casey Walker,2,2020-02-20,"$57,565 (Grade 3)",20-29,Male
235,Casey Wright,5,2023-10-18,"$36,479 (Grade 1)",60+,Female
236,Jamie Hall,9,2010-12-03,"$134,212 (Grade 7)",50-59,Male
237,Casey Hall,8,2011-05-22,"$79,943 (Grade 5)",50-59,Male
238,Reese Scott,14,2011-11-22,"$61,703 (Grade 3)",60+,Male
239,Alex Lee,12,2021-10-03,"$74,398 (Grade 4)",60+,Male
240,Casey Martin,15,2019-03-03,"$56,347 (Grade 3)",40-49,Male
241,Reese Allen,11,2017-05-24,"$51,079 (Grade 3)",20-29,Female
242,Riley Garcia,12,2023-07-09,"$131,514 (Grade 7)",30-39,Female
243,Jordan Hall,11,2016-12-16,"$47,731 (Grade 2)",50-59,Male
244,Quinn Young,2,2018-06-13,"$59,157 (Grade 3)",40-49,Male
245,Drew Young,14,2021-10-22,"$112,459 (Grade 6)",20-29,Female
246,Cameron Martin,1,2014-01-16,"$55,060 (Grade 3)",30-39,Female
247,Reese Lewis,4,2013-06-23,"$44,253 (Grade 2)",20-29,Female
248,Blake King,2,2021-10-23,"$92,687 (Grade 5)",20-29,Female
249,Kendall King,10,2018-06-14,"$51,785 (Grade 2)",30-39,Male
250,Taylor Wright,12,2013-09-18,"$130,471 (Grade 7)",50-59,Male
251,Avery Martin,11,2019-12-18,"$97,783 (Grade 6)",60+,Female
252,Reese Young,13,2021-12-23,"$67,667 (Grade 4)",30-39,Female
253,Reese King,8,2018-04-02,"$116,357 (Grade 7)",60+,Female
254,Jamie King,5,2021-04-12,"$122,513 (Grade 7)",60+,Female
255,Taylor Wright,4,2013-02-07,"$129,813 (Grade 7)",40-49,Male
256,Drew Lewis,14,2012-04-20,"$59,085 (Grade 3)",60+,Male
257,Riley Johnson,13,2020-01-29,"$46,469 (Grade 2)",60+,Male
258,Blake Clark,2,2017-11-03,"$49,391 (Grade 2)",20-29,Female
259,Alex Clark,9,2018-08-30,"$53,862 (Grade 3)",20-29,Female
260,Morgan Smith,6,2013-04-11,"$40,493 (Grade 1)",30-39,Male
261,Riley Scott,14,2020-07-09,"$64,547 (Grade 4)",50-59,Male
262,Kendall Johnson,1,2013-05-09,"$53,533 (Grade 3)",60+,Female
263,Jordan King,5,2012-09-25,"$46,934 (Grade 2)",20-29,Male
264,Avery Allen,13,2011-05-30,"$89,978 (Grade 5)",20-29,Female
265,Quinn Walker,1,2022-11-24,"$106,887 (Grade 6)",30-39,Male
266,Riley Clark,1,2015-05-25,"$86,561 (Grade 5)",60+,Female
267,Taylor Allen,11,2018-02-02,"$43,576 (Grade 1)",20-29,Male
268,Avery Wright,8,2018-05-17,"$41,338 (Grade 1)",40-49,Male
269,Casey King,2,2024-09-26,"$53,950 (Grade 3)",20-29,Female
270,Taylor Smith,6,2024-06-01,"$86,093 (Grade 5)",30-39,Female
271,Parker Lewis,11,2011-06-01,"$44,209 (Grade 2)",50-59,Male
272,Riley Lee,1,2010-12-10,"$116,536 (Grade 7)",40-49,Female
273,Cameron Clark,14,2015-09-07,"$90,512 (Grade 5)",20-29,Male
274,Riley Martin,14,2024-09-15,"$111,566 (Grade 7)",40-49,Female
275,Jordan King,6,2019-11-12,"$73,107 (Grade 4)",50-59,Female
276,Taylor Lewis,12,2021-08-24,"$72,037 (Grade 4)",40-49,Male
277,Parker Clark,2,2014-01-18,"$79,741 (Grade 4)",60+,Female
278,Casey Johnson,2,2016-08-18,"$60,828 (Grade 3)",40-49,Female
279,Quinn Young,7,2019-12-16,"$53,301 (Grade 2)",40-49,Female
280,Alex Young,14,2019-10-04,"$60,073 (Grade 3)",40-49,Male
281,Jordan Allen,11,2021-07-05,"$71,904 (Grade 4)",30-39,Male
282,Taylor Wright,10,2010-10-13,"$104,358 (Grade 6)",30-39,Male
283,Morgan King,11,2018-08-03,"$55,933 (Grade 3)",60+,Male
284,Quinn Brown,11,2018-05-06,"$72,155 (Grade 4)",50-59,Male
285,Quinn Brown,9,2017-01-19,"$56,521 (Grade 3)",40-49,Male
286,Jordan Smith,12,2021-08-12,"$50,176 (Grade 2)",50-59,Male
287,Riley King,5,2014-10-24,"$104,623 (Grade 6)",60+,Female
288,Parker Scott,8,2013-01-16,"$44,009 (Grade 2)",20-29,Female
289,Taylor Scott,12,2017-03-03,"$62,876 (Grade 4)",40-49,Male
290,Cameron Walker,5,2013-07-14,"$63,948 (Grade 3)",30-39,Female
291,Cameron Lee,2,2013-02-11,"$54,977 (Grade 2)",30-39,Female
292,Alex Martin,9,2020-06-25,"$87,088 (Grade 5)",60+,Male
293,Quinn Scott,2,2018-12-06,"$40,067 (Grade 1)",50-59,Female
294,Reese Clark,14,2012-10-23,"$77,416 (Grade 5)",40-49,Male
295,Jamie Lewis,11,2012-11-17,"$86,289 (Grade 5)",60+,Male
296,Reese Brown,7,2012-10-14,"$76,815 (Grade 5)",60+,Male
297,Riley Brown,3,2015-01-22,"$61,621 (Grade 3)",40-49,Female
298,Blake Johnson,5,2022-05-10,"$52,404 (Grade 2)",40-49,Male
299,Drew Garcia,10,2021-04-10,"$78,061 (Grade 5)",30-39,Male
300,Taylor Allen,10,2017-07-28,"$109,829 (Grade 6)",60+,Male
301,Blake Wright,1,2024-05-21,"$35,744 (Grade 1)",60+,Female
302,Drew Lee,13,2023-11-12,"$88,650 (Grade 5)",20-29,Female
303,Kendall Allen,9,2016-10-10,"$60,517 (Grade 3)",50-59,Male
304,Reese King,11,2020-03-04,"$69,746 (Grade 4)",20-29,Male
305,Taylor Lewis,7,2014-07-30,"$75,218 (Grade 4)",40-49,Male
306,Casey Wright,12,2017-09-30,"$62,029 (Grade 3)",50-59,Male
307,Reese Martin,9,2017-02-27,"$78,479 (Grade 5)",30-39,Female
308,Jordan Garcia,8,2012-03-04,"$44,308 (Grade 2)",20-29,Female
309,Avery Wright,10,2013-08-01,"$68,135 (Grade 4)",40-49,Female
310,Morgan King,3,2020-06-21,"$76,866 (Grade 4)",50-59,Female
311,Jamie Smith,2,2020-04-03,"$76,562 (Grade 4)",30-39,Male
312,Quinn Martin,1,2021-02-06,"$39,609 (Grade 1)",60+,Female
313,Riley Walker,1,2019-09-01,"$113,522 (Grade 7)",30-39,Female
314,Parker Martin,13,2011-01-06,"$71,991 (Grade 4)",50-59,Male
315,Quinn Walker,4,2016-06-22,"$59,064 (Grade 3)",20-29,Female
316,Cameron Lewis,13,2023-12-24,"$84,165 (Grade 5)",60+,Male
317,Taylor Johnson,7,2017-08-09,"$63,023 (Grade 3)",60+,Female
318,Reese Brown,4,2019-01-02,"$91,682 (Grade 5)",60+,Male
319,Alex Smith,3,2020-08-16,"$100,913 (Grade 6)",60+,Female
320,Taylor Hall,15,2017-05-10,"$79,580 (Grade 5)",60+,Female
321,Taylor Clark,10,2023-04-26,"$99,805 (Grade 6)",40-49,Female
322,Parker Hall,5,2018-04-06,"$60,545 (Grade 4)",40-49,Male
323,Avery Hall,5,2024-02-11,"$139,450 (Grade 7)",20-29,Female
324,Riley Allen,13,2022-12-15,"$128,955 (Grade 7)",30-39,Male
325,Quinn Lewis,3,2013-04-25,"$87,458 (Grade 5)",30-39,Male
326,Quinn Young,2,2019-11-22,"$42,310 (Grade 2)",40-49,Female
327,Taylor Clark,12,2021-04-03,"$48,723 (Grade 2)",60+,Female
328,Blake Wright,12,2013-02-05,"$92,040 (Grade 6)",60+,Male
329,Cameron Martin,11,2018-06-14,"$77,218 (Grade 4)",40-49,Male
330,Jamie Scott,9,2017-12-12,"$58,950 (Grade 3)",40-49,Female
331,Morgan Lee,5,2015-01-17,"$84,781 (Grade 5)",40-49,Female
332,Parker Lee,12,2017-02-10,"$106,023 (Grade 6)",50-59,Female
333,Cameron Scott,15,2016-02-19,"$133,647 (Grade 7)",40-49,Male
334,Quinn Allen,9,2017-09-28,"$72,928 (Grade 4)",30-39,Female
335,Alex Garcia,12,2019-12-03,"$40,674 (Grade 1)",40-49,Female
336,Morgan Lee,14,2022-08-10,"$83,884 (Grade 5)",40-49,Male
337,Jordan Hall,12,2015-06-10,"$82,840 (Grade 5)",20-29,Male
338,Drew Lee,1,2017-05-29,"$41,771 (Grade 1)",50-59,Male
339,Drew King,3,2013-07-17,"$44,016 (Grade 1)",50-59,Female
340,Jamie Allen,4,2017-03-16,"$119,412 (Grade 7)",40-49,Male
341,Kendall King,2,2015-03-18,"$108,813 (Grade 6)",60+,Male
342,Kendall Scott,3,2010-10-25,"$65,760 (Grade 4)",50-59,Female
343,Taylor Scott,12,2010-11-03,"$119,485 (Grade 7)",20-29,Female
344,Quinn Hall,2,2020-03-11,"$54,662 (Grade 3)",60+,Female
345,Kendall Brown,14,2016-02-14,"$90,336 (Grade 5)",30-39,Male
346,Casey Brown,12,2014-03-06,"$68,430 (Grade 4)",20-29,Female
347,Reese Garcia,10,2014-05-02,"$114,814 (Grade 6)",30-39,Female
348,Blake Clark,9,2018-12-28,"$51,421 (Grade 3)",20-29,Male
349,Taylor Lewis,6,2015-11-07,"$42,111 (Grade 2)",50-59,Male
350,Jamie King,5,2023-01-24,"$54,947 (Grade 3)",60+,Male
351,Riley Allen,6,2011-05-24,"$97,743 (Grade 6)",20-29,Female
352,Riley Brown,7,2016-12-22,"$106,466 (Grade 6)",20-29,Female
353,Casey Hall,4,2020-09-22,"$44,188 (Grade 2)",30-39,Female
354,Parker Hall,6,2020-07-24,"$77,997 (Grade 4)",60+,Male
355,Reese Lee,11,2011-11-02,"$129,523 (Grade 7)",60+,Female
356,Cameron Young,6,2012-07-08,"$44,243 (Grade 1)",20-29,Male
357,Quinn Walker,3,2021-09-02,"$47,375 (Grade 2)",50-59,Male
358,Drew Lee,12,2012-01-15,"$91,017 (Grade 5)",60+,Female
359,Reese Smith,8,2019-04-27,"$50,409 (Grade 2)",50-59,Male
360,Cameron Lewis,11,2010-06-28,"$120,098 (Grade 7)",50-59,Female
361,Blake Smith,12,2011-08-22,"$51,475 (Grade 2)",20-29,Female
362,Casey Young,2,2011-07-20,"$76,974 (Grade 5)",50-59,Male
363,Riley Clark,3,2024-05-22,"$114,437 (Grade 7)",50-59,Female
364,Kendall Clark,8,2018-06-20,"$139,712 (Grade 7)",50-59,Male
365,Drew Allen,14,2024-08-28,"$79,357 (Grade 5)",40-49,Male
366,Taylor Walker,7,2014-12-30,"$79,172 (Grade 5)",20-29,Male
367,Riley Lewis,11,2019-07-07,"$107,840 (Grade 6)",60+,Female
368,Blake Lee,4,2013-06-24,"$71,342 (Grade 4)",40-49,Male
369,Kendall Scott,12,2010-09-21,"$113,697 (Grade 7)",50-59,Male
370,Morgan Lee,2,2010-10-03,"$44,731 (Grade 1)",50-59,Male
371,Morgan Young,1,2015-04-04,"$74,383 (Grade 4)",60+,Male
372,Reese Wright,13,2021-04-20,"$37,295 (Grade 1)",40-49,Male
373,Blake Scott,12,2022-12-14,"$85,449 (Grade 5)",60+,Female
374,Morgan Garcia,15,2021-09-10,"$52,816 (Grade 2)",30-39,Female
375,Riley Garcia,1,2013-12-05,"$94,387 (Grade 5)",50-59,Female
376,Alex Martin,11,2021-10-06,"$102,489 (Grade 6)",40-49,Female
377,Avery Brown,5,2022-01-24,"$66,025 (Grade 4)",50-59,Male
378,Blake Lee,5,2013-03-28,"$133,185 (Grade 7)",50-59,Male
379,Cameron Clark,7,2013-01-03,"$92,366 (Grade 5)",50-59,Male
380,Riley Lee,6,2020-02-02,"$92,590 (Grade 6)",40-49,Male
381,Cameron Young,14,2016-01-09,"$42,844 (Grade 2)",50-59,Male
382,Blake Johnson,4,2023-03-07,"$134,959 (Grade 7)",60+,Male
383,Jamie Lee,14,2010-05-06,"$54,967 (Grade 3)",30-39,Male
384,Parker Johnson,12,2015-06-11,"$125,693 (Grade 7)",60+,Male
385,Avery Scott,4,2016-05-07,"$85,538 (Grade 5)",50-59,Female
386,Cameron Allen,6,2018-01-25,"$54,285 (Grade 3)",60+,Female
387,Jamie Johnson,13,2017-03-08,"$105,384 (Grade 6)",30-39,Female
388,Casey Clark,1,2013-04-10,"$82,250 (Grade 5)",20-29,Female
389,Cameron Scott,10,2016-08-15,"$88,683 (Grade 5)",30-39,Male
390,Casey Lee,7,2021-03-14,"$83,052 (Grade 5)",60+,Female
391,Riley King,14,2020-05-03,"$76,075 (Grade 4)",30-39,Female
392,Taylor Brown,12,2014-02-16,"$91,001 (Grade 5)",60+,Male
393,Cameron Smith,14,2024-12-27,"$112,435 (Grade 7)",20-29,Male
394,Avery Brown,14,2011-07-11,"$97,583 (Grade 6)",30-39,Male
395,Morgan Walker,8,2023-11-10,"$50,990 (Grade 3)",60+,Female
396,Drew Lewis,1,2022-05-17,"$43,719 (Grade 1)",50-59,Male
397,Alex Walker,12,2016-06-06,"$58,777 (Grade 3)",20-29,Female
398,Reese Scott,3,2021-10-05,"$36,578 (Grade 1)",30-39,Male
399,Morgan Hall,9,2017-12-13,"$63,356 (Grade 3)",40-49,Female
400,Jordan Martin,7,2015-06-16,"$78,513 (Grade 4)",30-39,Female
401,Drew Wright,14,2012-02-05,"$35,519 (Grade 1)",50-59,Female
402,Avery Walker,8,2013-11-04,"$35,154 (Grade 1)",20-29,Female
403,Blake Clark,11,2022-09-10,"$120,855 (Grade 7)",20-29,Male
404,Morgan Lee,15,2022-09-18,"$132,684 (Grade 7)",50-59,Female
405,Alex Scott,2,2022-03-07,"$99,187 (Grade 6)",60+,Male
406,Taylor Scott,14,2014-08-25,"$50,256 (Grade 3)",60+,Male
407,Reese Wright,12,2011-09-23,"$123,051 (Grade 7)",40-49,Male
408,Quinn Lee,10,2018-09-23,"$137,834 (Grade 7)",60+,Female
409,Avery King,12,2011-10-05,"$54,951 (Grade 2)",60+,Female
410,Alex Johnson,7,2017-08-22,"$43,245 (Grade 2)",60+,Female
411,Reese Martin,1,2020-02-08,"$98,956 (Grade 6)",50-59,Male
412,Casey Walker,7,2023-02-21,"$66,086 (Grade 4)",50-59,Male
413,Reese Hall,5,2011-08-26,"$118,075 (Grade 7)",20-29,Female
414,Taylor Clark,12,2013-06-17,"$130,771 (Grade 7)",50-59,Female
415,Casey Johnson,2,2019-12-23,"$40,050 (Grade 1)",40-49,Female
416,Jordan Brown,2,2020-01-25,"$49,061 (Grade 2)",60+,Female
417,Jordan Smith,2,2012-02-02,"$59,080 (Grade 3)",60+,Female
418,Blake Clark,1,2018-09-12,"$56,779 (Grade 3)",20-29,Male
419,Quinn Walker,3,2013-10-20,"$102,475 (Grade 6)",30-39,Female
420,Riley Garcia,8,2013-10-01,"$43,036 (Grade 2)",50-59,Female
421,Avery Garcia,8,2018-02-06,"$112,520 (Grade 7)",40-49,Male
422,Parker Allen,8,2020-04-08,"$81,407 (Grade 5)",20-29,Male
423,Riley Smith,7,2023-11-29,"$63,788 (Grade 3)",50-59,Female
424,Jamie Martin,7,2024-08-08,"$136,985 (Grade 7)",60+,Male
425,Riley Martin,10,2020-09-29,"$96,581 (Grade 6)",40-49,Male
426,Avery Martin,5,2024-03-12,"$112,772 (Grade 6)",50-59,Male
427,Casey Clark,5,2018-10-24,"$135,751 (Grade 7)",40-49,Male
428,Kendall Hall,4,2014-01-13,"$92,879 (Grade 5)",60+,Male
429,Parker Lewis,12,2016-07-14,"$49,183 (Grade 2)",20-29,Female
430,Drew Lewis,3,2015-06-06,"$99,923 (Grade 6)",40-49,Male
431,Parker Clark,13,2020-01-27,"$62,423 (Grade 4)",60+,Female
432,Quinn Clark,9,2022-03-12,"$88,706 (Grade 5)",20-29,Female
433,Parker Scott,13,2024-04-24,"$94,458 (Grade 5)",20-29,Male
434,Reese Lee,11,2013-09-24,"$101,632 (Grade 6)",60+,Male
435,Quinn Allen,11,2017-06-09,"$103,094 (Grade 6)",50-59,Male
436,Alex Johnson,5,2021-08-20,"$50,366 (Grade 2)",60+,Male
437,Jamie Martin,7,2021-03-23,"$79,286 (Grade 4)",30-39,Female
438,Alex Lewis,2,2011-12-05,"$56,815 (Grade 3)",20-29,Male
439,Casey Garcia,6,2021-09-08,"$66,778 (Grade 4)",50-59,Female
440,Jamie Johnson,8,2020-02-24,"$112,831 (Grade 6)",40-49,Male
441,Riley Smith,13,2010-07-05,"$93,771 (Grade 6)",40-49,Male
442,Drew King,3,2021-07-29,"$97,992 (Grade 6)",30-39,Male
443,Casey Walker,7,2019-02-01,"$67,597 (Grade 4)",30-39,Male
444,Drew Allen,7,2023-10-10,"$60,956 (Grade 4)",30-39,Female
445,Quinn Clark,7,2014-08-13,"$38,519 (Grade 1)",40-49,Male
446,Quinn Johnson,13,2014-03-12,"$127,592 (Grade 7)",40-49,Female
447,Morgan Lewis,2,2020-12-23,"$60,988 (Grade 3)",60+,Female
448,Quinn Clark,10,2012-07-24,"$79,234 (Grade 4)",40-49,Female
449,Blake Lewis,10,2016-09-02,"$53,036 (Grade 2)",60+,Male
450,Drew Brown,6,2016-11-06,"$38,908 (Grade 1)",20-29,Male
451,Casey Young,3,2019-05-20,"$87,729 (Grade 5)",60+,Male
452,Quinn Clark,7,2024-04-03,"$49,973 (Grade 2)",60+,Male
453,Cameron Brown,8,2014-03-13,"$52,298 (Grade 3)",40-49,Female
454,Quinn Smith,14,2020-11-13,"$50,157 (Grade 3)",30-39,Male
455,Blake Clark,9,2019-03-06,"$91,219 (Grade 5)",50-59,Female
456,Parker Wright,8,2011-11-09,"$65,480 (Grade 4)",60+,Male
457,Reese King,4,2016-03-01,"$50,535 (Grade 3)",30-39,Female
458,Taylor King,8,2022-05-01,"$91,230 (Grade 5)",60+,Male
459,Quinn Johnson,5,2018-03-25,"$127,796 (Grade 7)",60+,Male
460,Reese Young,8,2019-07-15,"$82,161 (Grade 5)",20-29,Male
461,Riley Wright,1,2017-10-26,"$68,611 (Grade 4)",20-29,Female
462,Blake Johnson,13,2014-09-16,"$117,764 (Grade 7)",60+,Female
463,Blake Young,10,2013-09-21,"$104,030 (Grade 6)",60+,Male
464,Reese Lee,14,2022-10-15,"$42,972 (Grade 2)",40-49,Female
465,Quinn Walker,3,2016-07-25,"$61,535 (Grade 3)",40-49,Female
466,Blake Walker,15,2013-01-15,"$93,120 (Grade 6)",50-59,Male
467,Riley Wright,11,2012-12-23,"$53,492 (Grade 2)",30-39,Male
468,Parker Martin,14,2018-10-23,"$54,475 (Grade 2)",50-59,Male
469,Quinn Allen,5,2018-06-01,"$103,573 (Grade 6)",50-59,Male
470,Drew King,15,2019-01-14,"$113,050 (Grade 7)",60+,Female
471,Parker Scott,15,2020-12-12,"$57,449 (Grade 3)",40-49,Male
472,Blake King,14,2020-04-13,"$93,052 (Grade 6)",40-49,Male
473,Reese Walker,7,2014-10-02,"$49,039 (Grade 2)",50-59,Female
474,Casey Wright,5,2022-12-18,"$58,967 (Grade 3)",30-39,Female
475,Reese Martin,15,2011-02-01,"$114,977 (Grade 6)",20-29,Male
476,Drew King,14,2012-10-14,"$60,533 (Grade 4)",30-39,Female
477,Jamie Smith,7,2012-12-16,"$53,281 (Grade 2)",40-49,Male
478,Blake Scott,15,2024-09-06,"$51,529 (Grade 3)",40-49,Female
479,Jordan Martin,11,2011-03-01,"$95,423 (Grade 6)",50-59,Female
480,Parker Young,13,2024-09-13,"$49,032 (Grade 2)",20-29,Male
481,Alex Lee,8,2023-04-26,"$37,174 (Grade 1)",30-39,Female
482,Alex Smith,12,2012-09-14,"$63,387 (Grade 3)",50-59,Male
483,Jamie Johnson,4,2012-04-19,"$62,927 (Grade 4)",20-29,Female
484,Casey Scott,5,2012-12-26,"$48,270 (Grade 2)",30-39,Male
485,Cameron Hall,1,2019-11-15,"$80,377 (Grade 5)",40-49,Male
486,Drew Young,3,2014-11-15,"$74,496 (Grade 4)",20-29,Male
487,Taylor King,2,2017-11-19,"$87,583 (Grade 5)",50-59,Female
488,Reese Brown,4,2011-11-22,"$60,561 (Grade 3)",30-39,Female
489,Reese Young,1,2024-10-07,"$137,756 (Grade 7)",40-49,Male
490,Cameron Hall,9,2018-10-15,"$54,252 (Grade 2)",40-49,Male
491,Reese Scott,13,2018-08-28,"$50,108 (Grade 2)",20-29,Male
492,Jamie Allen,10,2010-04-09,"$43,655 (Grade 1)",40-49,Female
493,Taylor Clark,14,2019-06-10,"$128,624 (Grade 7)",40-49,Male
494,Reese Lewis,13,2023-03-05,"$35,273 (Grade 1)",20-29,Male
495,Riley Lee,1,2021-05-13,"$41,520 (Grade 1)",40-49,Female
496,Avery Young,7,2022-01-22,"$43,791 (Grade 1)",60+,Male
497,Riley Johnson,5,2014-07-23,"$43,377 (Grade 1)",30-39,Female
498,Avery Hall,11,2024-07-29,"$137,345 (Grade 7)",20-29,Female
499,Parker Clark,12,2011-04-20,"$117,819 (Grade 7)",30-39,Male
500,Kendall Clark,2,2011-03-27,"$79,950 (Grade 4)",40-49,Male
501,Jordan Smith,12,2010-04-03,"$53,493 (Grade 2)",30-39,Female
502,Casey Walker,9,2015-10-25,"$136,951 (Grade 7)",30-39,Female
503,Taylor Young,13,2012-08-25,"$118,806 (Grade 7)",20-29,Female
504,Reese Clark,5,2015-11-25,"$77,092 (Grade 5)",60+,Male
505,Jamie Lewis,9,2021-03-16,"$50,908 (Grade 3)",60+,Male
506,Casey Brown,5,2022-11-15,"$113,371 (Grade 7)",20-29,Male
507,Parker Walker,1,2015-06-27,"$35,201 (Grade 1)",20-29,Female
508,Casey Clark,15,2010-10-17,"$44,932 (Grade 2)",60+,Female
509,Morgan Martin,4,2016-02-01,"$70,483 (Grade 4)",20-29,Female
510,Jordan Walker,11,2015-01-03,"$37,938 (Grade 1)",60+,Male
511,Avery Johnson,15,2016-12-20,"$69,250 (Grade 4)",40-49,Male
512,Cameron Lewis,1,2016-07-16,"$53,287 (Grade 3)",60+,Female
513,Parker Hall,4,2023-04-10,"$72,067 (Grade 4)",50-59,Male
514,Parker Scott,9,2015-07-02,"$136,082 (Grade 7)",30-39,Male
515,Kendall Clark,1,2017-10-08,"$50,872 (Grade 2)",20-29,Female
516,Alex King,11,2012-05-01,"$70,076 (Grade 4)",30-39,Male
517,Avery Lewis,1,2016-04-11,"$53,659 (Grade 2)",20-29,Male
518,Kendall Lee,15,2019-04-07,"$127,031 (Grade 7)",40-49,Female
519,Parker Johnson,10,2012-12-29,"$43,280 (Grade 1)",50-59,Male
520,Quinn Hall,1,2015-04-24,"$64,283 (Grade 4)",40-49,Female
521,Blake Martin,15,2017-04-26,"$122,876 (Grade 7)",40-49,Female
522,Riley Lee,2,2023-02-11,"$44,230 (Grade 2)",20-29,Male
523,Jordan Brown,8,2019-02-13,"$70,290 (Grade 4)",20-29,Female
524,Reese Lee,8,2015-12-11,"$57,591 (Grade 3)",20-29,Male
525,Taylor King,11,2023-07-14,"$63,539 (Grade 3)",20-29,Male
526,Blake Wright,6,2015-07-27,"$43,494 (Grade 2)",40-49,Female
527,Cameron Smith,11,2013-11-25,"$54,262 (Grade 3)",20-29,Female
528,Blake Lewis,9,2015-08-09,"$108,026 (Grade 6)",20-29,Female
529,Jordan King,13,2010-04-08,"$43,989 (Grade 2)",20-29,Male
530,Taylor Lee,14,2024-02-20,"$72,197 (Grade 4)",20-29,Female
531,Kendall Wright,2,2014-06-08,"$36,056 (Grade 1)",50-59,Male
532,Jordan Scott,14,2017-06-09,"$136,505 (Grade 7)",20-29,Male
533,Jamie Smith,3,2018-11-10,"$89,193 (Grade 5)",50-59,Male
534,Avery Allen,7,2014-10-25,"$47,799 (Grade 2)",30-39,Female
535,Riley Lewis,15,2023-10-10,"$42,567 (Grade 2)",60+,Male
536,Drew Garcia,8,2020-09-29,"$78,044 (Grade 4)",20-29,Male
537,Riley Clark,3,2024-05-31,"$66,535 (Grade 4)",60+,Male
538,Drew King,9,2018-07-31,"$110,639 (Grade 7)",40-49,Female
539,Cameron King,8,2022-09-08,"$64,953 (Grade 3)",60+,Female
540,Avery Garcia,3,2023-05-24,"$40,224 (Grade 1)",30-39,Male
541,Kendall King,13,2020-07-31,"$50,959 (Grade 3)",60+,Female
542,Reese Hall,4,2015-07-24,"$43,640 (Grade 2)",30-39,Female
543,Cameron Wright,13,2014-12-03,"$91,832 (Grade 6)",60+,Female
544,Casey Scott,14,2013-12-13,"$115,692 (Grade 7)",30-39,Female
545,Reese Young,12,2023-04-09,"$64,974 (Grade 3)",20-29,Female
546,Quinn Hall,3,2021-01-15,"$81,168 (Grade 5)",60+,Female
547,Taylor Lewis,1,2015-03-21,"$35,920 (Grade 1)",60+,Male
548,Alex Walker,8,2023-10-10,"$40,435 (Grade 1)",30-39,Male
549,Casey Young,3,2017-04-04,"$137,665 (Grade 7)",20-29,Male
550,Taylor Hall,12,2012-06-27,"$54,687 (Grade 2)",60+,Female
551,Jordan Martin,12,2023-02-22,"$102,962 (Grade 6)",20-29,Female
552,Riley Martin,3,2019-10-19,"$53,998 (Grade 2)",50-59,Female
553,Taylor Young,9,2018-01-02,"$110,110 (Grade 6)",30-39,Male
554,Avery Garcia,12,2012-11-09,"$99,650 (Grade 6)",30-39,Male
555,Parker Hall,7,2022-09-23,"$135,258 (Grade 7)",20-29,Male
556,Quinn Martin,15,2014-12-15,"$130,033 (Grade 7)",60+,Male
557,Kendall Lewis,3,2011-09-30,"$62,211 (Grade 3)",30-39,Female
558,Casey Brown,11,2020-01-07,"$40,500 (Grade 1)",20-29,Female
559,Morgan Lee,12,2015-10-04,"$40,742 (Grade 1)",20-29,Male
560,Alex Clark,8,2013-09-24,"$103,751 (Grade 6)",50-59,Female
561,Kendall Clark,6,2012-04-10,"$87,299 (Grade 5)",50-59,Male
562,Taylor Lewis,2,2010-10-01,"$137,713 (Grade 7)",40-49,Male
563,Casey Garcia,2,2013-10-25,"$40,600 (Grade 1)",50-59,Male
564,Parker Johnson,9,2023-04-29,"$40,536 (Grade 1)",60+,Female
565,Parker Smith,7,2023-08-16,"$95,406 (Grade 6)",50-59,Male
566,Alex Johnson,6,2019-03-07,"$45,112 (Grade 2)",60+,Female
567,Drew Garcia,5,2011-02-11,"$43,571 (Grade 2)",50-59,Female
568,Taylor Smith,6,2011-12-19,"$42,005 (Grade 1)",40-49,Female
569,Morgan Johnson,1,2024-04-25,"$44,798 (Grade 2)",40-49,Male
570,Jamie Wright,2,2018-12-01,"$62,859 (Grade 3)",50-59,Female
571,Kendall Allen,5,2018-09-10,"$43,914 (Grade 1)",30-39,Female
572,Kendall Clark,6,2011-01-01,"$49,303 (Grade 2)",40-49,Female
573,Jamie Garcia,4,2022-08-28,"$118,800 (Grade 7)",20-29,Male
574,Reese Young,11,2024-12-26,"$36,404 (Grade 1)",40-49,Female
575,Reese Hall,4,2018-09-07,"$76,998 (Grade 5)",60+,Female
576,Cameron Allen,14,2015-04-15,"$78,766 (Grade 4)",50-59,Female
577,Jordan Clark,15,2010-10-12,"$133,406 (Grade 7)",60+,Male
578,Jordan King,8,2014-10-02,"$44,738 (Grade 2)",30-39,Male
579,Alex Clark,2,2014-07-13,"$104,266 (Grade 6)",30-39,Female
580,Casey Scott,12,2011-12-14,"$112,195 (Grade 7)",50-59,Female
581,Cameron Martin,14,2020-04-11,"$58,514 (Grade 3)",20-29,Female
582,Jordan Clark,3,2023-03-10,"$51,283 (Grade 2)",60+,Male
583,Kendall Johnson,10,2016-06-01,"$113,309 (Grade 7)",60+,Female
584,Kendall Clark,5,2022-10-31,"$75,911 (Grade 4)",60+,Female
585,Alex Brown,5,2023-11-13,"$64,713 (Grade 4)",60+,Female
586,Alex Clark,15,2015-05-01,"$61,313 (Grade 3)",20-29,Female
587,Kendall Garcia,15,2017-07-30,"$50,331 (Grade 3)",40-49,Female
588,Riley Wright,8,2012-03-15,"$132,812 (Grade 7)",30-39,Male
589,Riley Young,8,2017-03-13,"$137,060 (Grade 7)",40-49,Female
590,Quinn Allen,2,2014-09-28,"$49,237 (Grade 2)",50-59,Female
591,Reese Walker,14,2011-04-06,"$63,451 (Grade 3)",60+,Male
592,Jordan Garcia,12,2013-01-16,"$88,218 (Grade 5)",60+,Male
593,Taylor Lee,15,2011-04-18,"$116,577 (Grade 7)",30-39,Male
594,Jamie Smith,15,2014-06-20,"$61,544 (Grade 3)",40-49,Female
595,Blake Lewis,9,2010-09-08,"$64,059 (Grade 4)",30-39,Female
596,Jamie Hall,8,2023-03-01,"$49,775 (Grade 2)",60+,Female
597,Casey Brown,14,2012-01-11,"$62,270 (Grade 3)",40-49,Male
598,Avery Smith,3,2014-10-22,"$128,751 (Grade 7)",30-39,Male
599,Drew Lee,5,2021-07-06,"$103,418 (Grade 6)",20-29,Male
600,Jamie Scott,3,2023-06-26,"$95,675 (Grade 6)",20-29,Male
601,Riley Hall,13,2024-06-01,"$61,677 (Grade 3)",40-49,Female
602,Kendall Clark,14,2015-08-27,"$57,520 (Grade 3)",30-39,Female
603,Riley Allen,9,2018-11-28,"$130,434 (Grade 7)",60+,Male
604,Alex Walker,11,2018-05-24,"$137,504 (Grade 7)",60+,Female
605,Riley Allen,2,2017-07-17,"$62,091 (Grade 4)",40-49,Female
606,Blake Garcia,5,2024-08-11,"$113,301 (Grade 6)",40-49,Male
607,Taylor Walker,13,2023-06-17,"$42,930 (Grade 2)",50-59,Female
608,Drew Brown,12,2016-08-18,"$43,148 (Grade 1)",40-49,Female
609,Avery Clark,12,2022-10-31,"$44,552 (Grade 1)",30-39,Female
610,Parker Young,4,2024-04-26,"$107,518 (Grade 6)",50-59,Female
611,Cameron Garcia,14,2022-07-10,"$52,774 (Grade 2)",30-39,Female
612,Jordan Lewis,3,2022-07-16,"$98,475 (Grade 6)",30-39,Female
613,Drew Johnson,4,2016-11-20,"$53,659 (Grade 3)",50-59,Female
614,Casey Garcia,10,2012-08-22,"$57,598 (Grade 3)",50-59,Male
615,Blake Allen,10,2020-08-04,"$77,333 (Grade 5)",30-39,Male
616,Blake Allen,7,2019-04-08,"$84,776 (Grade 5)",20-29,Male
617,Taylor Lee,6,2020-04-06,"$78,658 (Grade 4)",30-39,Female
618,Blake Young,3,2020-12-08,"$112,648 (Grade 7)",40-49,Male
619,Casey Allen,1,2016-02-19,"$42,406 (Grade 1)",30-39,Male
620,Quinn King,3,2012-11-26,"$62,884 (Grade 4)",60+,Female
621,Drew Clark,7,2018-08-07,"$75,643 (Grade 4)",20-29,Male
622,Cameron Lee,12,2017-03-24,"$50,230 (Grade 3)",60+,Male
623,Alex Allen,1,2015-08-01,"$114,038 (Grade 6)",30-39,Female
624,Riley Brown,2,2023-03-16,"$76,493 (Grade 4)",40-49,Male
625,Jordan Wright,1,2020-03-23,"$54,764 (Grade 3)",60+,Female
626,Avery Scott,11,2020-12-29,"$47,615 (Grade 2)",40-49,Male
627,Taylor Scott,15,2010-06-06,"$123,218 (Grade 7)",30-39,Male
628,Parker Brown,4,2023-03-24,"$90,718 (Grade 6)",60+,Male
629,Jordan Martin,12,2018-06-01,"$91,224 (Grade 6)",40-49,Male
630,Quinn Smith,11,2011-01-31,"$35,323 (Grade 1)",20-29,Female
631,Jamie Clark,2,2020-08-22,"$83,281 (Grade 5)",30-39,Male
632,Parker Allen,11,2019-06-10,"$39,933 (Grade 1)",20-29,Female
633,Quinn Hall,12,2012-05-09,"$48,862 (Grade 2)",60+,Male
634,Riley Johnson,13,2014-06-16,"$43,154 (Grade 1)",60+,Male
635,Reese Garcia,14,2018-01-11,"$81,608 (Grade 5)",50-59,Female
636,Taylor Smith,9,2020-10-12,"$66,805 (Grade 4)",40-49,Male
637,Alex Smith,11,2022-11-17,"$36,809 (Grade 1)",50-59,Male
638,Jordan King,9,2015-09-28,"$36,659 (Grade 1)",30-39,Female
639,Riley Garcia,8,2013-12-02,"$36,635 (Grade 1)",20-29,Female
640,Casey King,11,2012-08-07,"$56,979 (Grade 3)",20-29,Male
641,Alex Wright,3,2013-10-28,"$111,207 (Grade 6)",40-49,Female
642,Kendall Lewis,10,2012-02-01,"$64,392 (Grade 3)",40-49,Female
643,Taylor Johnson,7,2016-02-05,"$74,959 (Grade 4)",50-59,Female
644,Reese Clark,11,2012-07-15,"$115,465 (Grade 7)",30-39,Male
645,Blake Brown,2,2020-10-29,"$79,357 (Grade 4)",60+,Female
646,Taylor Hall,7,2023-09-18,"$121,750 (Grade 7)",20-29,Male
647,Jamie Scott,8,2019-11-20,"$41,738 (Grade 1)",20-29,Male
648,Riley Allen,6,2022-12-07,"$43,598 (Grade 1)",60+,Male
649,Drew Wright,6,2023-11-13,"$92,141 (Grade 5)",20-29,Female
650,Drew Young,4,2024-11-20,"$71,329 (Grade 4)",50-59,Male
651,Blake Wright,9,2010-04-06,"$76,788 (Grade 5)",30-39,Female
652,Blake Lewis,14,2021-01-10,"$43,226 (Grade 2)",40-49,Male
653,Casey Garcia,1,2022-05-07,"$82,297 (Grade 5)",50-59,Female
654,Blake Lee,2,2022-11-08,"$74,555 (Grade 4)",50-59,Male
655,Blake Lewis,8,2021-02-26,"$51,944 (Grade 3)",20-29,Male
656,Avery Clark,1,2010-01-02,"$92,992 (Grade 5)",20-29,Female
657,Kendall Walker,9,2025-01-22,"$52,724 (Grade 2)",50-59,Female
658,Casey Wright,1,2020-03-11,"$117,304 (Grade 7)",40-49,Female
659,Parker Allen,6,2012-07-23,"$104,828 (Grade 6)",20-29,Male
660,Alex Martin,6,2016-07-19,"$130,763 (Grade 7)",60+,Female
661,Parker Johnson,1,2013-02-24,"$50,067 (Grade 2)",50-59,Male
662,Riley Hall,4,2018-10-24,"$43,978 (Grade 2)",30-39,Female
663,Blake King,4,2012-06-01,"$101,073 (Grade 6)",50-59,Male
664,Kendall Allen,14,2012-10-06,"$109,294 (Grade 6)",50-59,Female
665,Drew Hall,9,2010-02-05,"$50,172 (Grade 2)",60+,Male
666,Cameron Scott,7,2020-10-31,"$129,173 (Grade 7)",60+,Male
667,Parker Hall,3,2012-04-28,"$94,206 (Grade 6)",50-59,Female
668,Cameron Scott,7,2015-07-27,"$79,955 (Grade 4)",40-49,Female
669,Casey Garcia,8,2013-02-05,"$114,370 (Grade 7)",50-59,Female
670,Blake Young,9,2022-06-01,"$120,286 (Grade 7)",30-39,Male
671,Morgan Hall,12,2017-09-29,"$61,249 (Grade 3)",30-39,Male
672,Cameron Walker,12,2012-08-03,"$100,563 (Grade 6)",40-49,Female
673,Quinn Hall,11,2021-12-22,"$103,679 (Grade 6)",40-49,Female
674,Reese Smith,9,2018-07-18,"$35,414 (Grade 1)",30-39,Male
675,Drew Smith,4,2013-08-11,"$62,291 (Grade 3)",40-49,Female
676,Taylor Wright,1,2014-07-30,"$99,671 (Grade 6)",60+,Male
677,Casey Wright,8,2015-01-12,"$44,205 (Grade 1)",60+,Female
678,Morgan Walker,13,2016-06-14,"$136,175 (Grade 7)",20-29,Female
679,Avery Clark,13,2022-05-21,"$100,245 (Grade 6)",20-29,Male
680,Parker Garcia,4,2015-01-22,"$89,518 (Grade 5)",40-49,Male
681,Reese Young,4,2013-12-24,"$57,353 (Grade 3)",20-29,Male
682,Taylor Young,9,2010-11-29,"$41,180 (Grade 1)",50-59,Female
683,Cameron Garcia,3,2015-09-21,"$51,568 (Grade 2)",20-29,Female
684,Jamie Young,15,2013-06-13,"$42,654 (Grade 2)",40-49,Male
685,Reese Scott,11,2021-01-01,"$84,868 (Grade 5)",60+,Female
686,Jordan King,12,2014-12-07,"$58,608 (Grade 3)",30-39,Male
687,Reese Walker,3,2022-01-17,"$77,795 (Grade 4)",50-59,Male
688,Casey Lee,15,2017-06-11,"$52,868 (Grade 2)",40-49,Female
689,Riley Lee,13,2020-08-26,"$92,383 (Grade 5)",60+,Male
690,Jordan Allen,6,2024-05-28,"$67,875 (Grade 4)",60+,Male
691,Alex Allen,15,2012-07-17,"$56,248 (Grade 3)",50-59,Female
692,Cameron Young,5,2018-05-30,"$43,468 (Grade 1)",60+,Female
693,Jamie Smith,5,2017-03-09,"$96,308 (Grade 6)",60+,Male
694,Jordan Brown,13,2010-03-02,"$92,472 (Grade 5)",20-29,Male
695,Drew Allen,13,2019-07-08,"$53,229 (Grade 2)",20-29,Male
696,Cameron Wright,12,2024-07-02,"$104,261 (Grade 6)",20-29,Male
697,Alex Lewis,12,2011-12-18,"$50,620 (Grade 3)",20-29,Male
698,Taylor King,5,2022-11-24,"$77,308 (Grade 5)",30-39,Female
699,Avery Clark,8,2019-09-18,"$103,252 (Grade 6)",40-49,Male
700,Avery Allen,2,2024-05-21,"$75,193 (Grade 5)",60+,Male
701,Reese Young,10,2018-01-09,"$36,189 (Grade 1)",60+,Male
702,Riley King,11,2011-12-10,"$59,937 (Grade 3)",40-49,Female
703,Avery Clark,14,2020-08-18,"$91,009 (Grade 6)",30-39,Male
704,Taylor Young,7,2022-03-29,"$136,131 (Grade 7)",40-49,Male
705,Riley Allen,15,2024-07-13,"$138,414 (Grade 7)",40-49,Male
706,Cameron Wright,9,2010-12-09,"$44,019 (Grade 2)",20-29,Female
707,Cameron Walker,2,2017-09-17,"$53,441 (Grade 3)",30-39,Female
708,Kendall Allen,14,2013-08-11,"$79,667 (Grade 5)",30-39,Male
709,Quinn Wright,5,2014-01-25,"$43,877 (Grade 2)",60+,Male
710,Blake King,15,2024-06-17,"$90,114 (Grade 5)",60+,Male
711,Riley Allen,2,2014-06-06,"$51,608 (Grade 3)",60+,Female
712,Casey Martin,3,2015-04-06,"$111,478 (Grade 6)",20-29,Female
713,Quinn Johnson,15,2020-11-24,"$47,206 (Grade 2)",50-59,Female
714,Quinn Allen,5,2013-06-02,"$109,142 (Grade 6)",60+,Female
715,Reese Martin,7,2017-01-09,"$42,079 (Grade 2)",30-39,Male
716,Parker Young,11,2018-01-23,"$69,066 (Grade 4)",30-39,Female
717,Kendall Lewis,8,2016-11-07,"$71,755 (Grade 4)",50-59,Male
718,Taylor Allen,10,2013-02-20,"$39,597 (Grade 1)",60+,Male
719,Riley Young,15,2011-09-10,"$92,505 (Grade 6)",20-29,Male
720,Blake Hall,10,2014-10-09,"$79,334 (Grade 4)",20-29,Female
721,Cameron Scott,9,2018-03-16,"$64,870 (Grade 4)",50-59,Male
722,Kendall King,10,2013-01-01,"$99,535 (Grade 6)",50-59,Male
723,Avery Martin,9,2023-10-10,"$38,913 (Grade 1)",30-39,Male
724,Jamie Brown,3,2024-10-15,"$93,540 (Grade 5)",30-39,Female
725,Casey Smith,4,2015-03-14,"$125,979 (Grade 7)",20-29,Female
726,Casey Lee,1,2021-08-13,"$96,775 (Grade 6)",40-49,Female
727,Jamie Scott,8,2024-07-18,"$35,653 (Grade 1)",40-49,Male
728,Parker Walker,11,2015-11-28,"$118,961 (Grade 7)",60+,Male
729,Avery Allen,7,2024-08-27,"$59,628 (Grade 3)",20-29,Female
730,Avery Scott,4,2017-11-30,"$88,298 (Grade 5)",40-49,Female
731,Reese Lewis,15,2021-04-04,"$75,216 (Grade 5)",30-39,Female
732,Taylor Lee,2,2014-09-29,"$84,201 (Grade 5)",30-39,Male
733,Taylor Martin,10,2024-10-29,"$93,877 (Grade 6)",30-39,Female
734,Reese Martin,12,2020-09-27,"$42,889 (Grade 1)",50-59,Male
735,Quinn Brown,11,2010-07-03,"$123,464 (Grade 7)",30-39,Male
736,Taylor Hall,10,2024-02-14,"$44,207 (Grade 2)",60+,Male
737,Kendall Hall,3,2015-10-17,"$37,725 (Grade 1)",30-39,Female
738,Quinn Hall,11,2011-12-04,"$39,644 (Grade 1)",30-39,Female
739,Quinn Lewis,14,2014-12-03,"$65,589 (Grade 4)",50-59,Male
740,Reese Hall,14,2023-12-24,"$115,959 (Grade 7)",60+,Female
741,Taylor Young,11,2023-05-19,"$57,429 (Grade 3)",60+,Male
742,Morgan Clark,7,2010-05-16,"$43,778 (Grade 2)",30-39,Female
743,Blake Brown,10,2020-09-03,"$37,906 (Grade 1)",60+,Male
744,Kendall King,9,2012-02-03,"$78,850 (Grade 5)",50-59,Male
745,Kendall Hall,9,2024-07-24,"$110,039 (Grade 7)",50-59,Female
746,Casey Wright,1,2019-08-16,"$107,361 (Grade 6)",30-39,Female
747,Reese King,7,2022-12-03,"$59,650 (Grade 3)",20-29,Female
748,Taylor Garcia,8,2011-11-18,"$117,618 (Grade 7)",40-49,Female
749,Riley Lee,1,2010-02-28,"$114,367 (Grade 6)",60+,Male
750,Cameron Smith,7,2017-01-31,"$96,731 (Grade 6)",50-59,Female
751,Jordan Brown,7,2015-09-09,"$109,181 (Grade 6)",40-49,Female
752,Quinn Martin,10,2018-11-30,"$61,151 (Grade 3)",30-39,Female
753,Cameron King,9,2018-04-21,"$65,856 (Grade 4)",60+,Female
754,Riley Garcia,10,2018-12-06,"$62,684 (Grade 3)",30-39,Male
755,Parker Lee,8,2013-08-18,"$132,915 (Grade 7)",20-29,Male
756,Cameron Clark,13,2022-05-08,"$63,121 (Grade 3)",60+,Male
757,Taylor Clark,11,2013-04-05,"$36,492 (Grade 1)",50-59,Female
758,Jordan Johnson,5,2011-10-18,"$48,075 (Grade 2)",60+,Male
759,Parker Clark,15,2016-06-04,"$77,072 (Grade 4)",60+,Male
760,Reese Wright,3,2019-11-06,"$106,199 (Grade 6)",20-29,Male
761,Blake Allen,15,2016-05-31,"$126,978 (Grade 7)",30-39,Male
762,Reese Hall,9,2023-10-19,"$82,591 (Grade 5)",30-39,Male
763,Casey Lee,11,2011-12-13,"$37,579 (Grade 1)",40-49,Female
764,Casey Allen,7,2014-06-29,"$79,204 (Grade 4)",60+,Male
765,Parker Young,2,2016-05-19,"$44,004 (Grade 1)",60+,Female
766,Casey Wright,5,2014-05-13,"$51,934 (Grade 2)",50-59,Female
767,Quinn Smith,5,2021-05-10,"$48,670 (Grade 2)",20-29,Male
768,Cameron Garcia,6,2015-10-13,"$43,409 (Grade 1)",60+,Female
769,Parker Lewis,7,2015-06-16,"$90,847 (Grade 5)",40-49,Female
770,Drew Lewis,15,2020-10-23,"$75,896 (Grade 5)",20-29,Female
771,Jordan Clark,11,2015-02-27,"$117,221 (Grade 7)",40-49,Female
772,Casey Walker,9,2015-07-27,"$39,314 (Grade 1)",40-49,Male
773,Avery Allen,12,2011-09-15,"$121,206 (Grade 7)",60+,Male
774,Jamie Martin,6,2016-01-14,"$51,399 (Grade 2)",30-39,Male
775,Jamie Young,4,2015-06-06,"$54,049 (Grade 2)",40-49,Male
776,Morgan Lee,14,2017-12-26,"$52,135 (Grade 2)",30-39,Male
777,Jordan Scott,2,2021-01-18,"$111,739 (Grade 6)",60+,Male
778,Reese Wright,9,2018-04-29,"$42,901 (Grade 1)",60+,Female
779,Jamie Scott,15,2021-01-03,"$84,002 (Grade 5)",30-39,Female
780,Avery Lee,13,2011-03-20,"$79,202 (Grade 5)",60+,Female
781,Jamie Walker,1,2018-10-31,"$86,379 (Grade 5)",30-39,Female
782,Jordan Young,9,2010-03-10,"$70,343 (Grade 4)",20-29,Male
783,Avery Hall,2,2023-09-29,"$55,924 (Grade 3)",40-49,Male
784,Cameron Garcia,4,2023-10-02,"$57,722 (Grade 3)",40-49,Female
785,Taylor Lewis,7,2018-05-08,"$48,866 (Grade 2)",40-49,Female
786,Riley Lewis,3,2022-12-01,"$79,297 (Grade 5)",30-39,Male
787,Parker Garcia,13,2019-09-11,"$51,098 (Grade 2)",50-59,Male
788,Taylor King,12,2010-03-21,"$49,749 (Grade 2)",30-39,Female
789,Jamie Brown,15,2021-08-06,"$130,665 (Grade 7)",60+,Female
790,Reese Lewis,5,2022-09-26,"$59,210 (Grade 3)",20-29,Female
791,Jordan Young,3,2015-09-15,"$38,530 (Grade 1)",50-59,Male
792,Jamie Young,6,2018-01-30,"$55,914 (Grade 3)",60+,Female
793,Casey Smith,7,2023-08-01,"$40,752 (Grade 1)",30-39,Male
794,Reese Garcia,6,2021-06-13,"$61,029 (Grade 3)",50-59,Female
795,Kendall Johnson,7,2020-05-27,"$84,388 (Grade 5)",30-39,Male
796,Drew King,15,2024-02-28,"$56,911 (Grade 3)",60+,Female
797,Blake Scott,2,2017-09-15,"$37,654 (Grade 1)",30-39,Female
798,Casey Allen,5,2023-07-31,"$98,764 (Grade 6)",50-59,Female
799,Kendall Lewis,13,2023-03-02,"$121,900 (Grade 7)",60+,Female
800,Avery Brown,3,2012-10-21,"$110,756 (Grade 7)",30-39,Female
801,Parker Young,12,2013-09-29,"$38,450 (Grade 1)",50-59,Male
802,Jordan Johnson,15,2011-03-17,"$77,971 (Grade 4)",20-29,Female
803,Cameron King,2,2023-11-12,"$39,300 (Grade 1)",30-39,Male
804,Drew Scott,15,2015-02-22,"$70,137 (Grade 4)",30-39,Female
805,Jamie Allen,3,2013-10-29,"$50,630 (Grade 2)",20-29,Male
806,Drew Martin,14,2020-09-05,"$64,159 (Grade 3)",50-59,Female
807,Cameron Lewis,3,2013-12-21,"$107,671 (Grade 6)",60+,Female
808,Drew Young,11,2021-09-28,"$89,253 (Grade 5)",60+,Female
809,Kendall Martin,8,2012-01-04,"$82,442 (Grade 5)",50-59,Female
810,Casey Clark,5,2010-03-28,"$46,973 (Grade 2)",20-29,Male
811,Casey Garcia,8,2021-01-12,"$75,272 (Grade 5)",50-59,Female
812,Alex King,7,2023-05-23,"$119,598 (Grade 7)",30-39,Male
813,Cameron Martin,4,2019-10-21,"$78,368 (Grade 4)",50-59,Male
814,Taylor Young,12,2018-06-27,"$102,770 (Grade 6)",30-39,Female
815,Jordan Clark,11,2023-10-03,"$50,464 (Grade 2)",40-49,Female
816,Drew Young,9,2019-04-06,"$118,808 (Grade 7)",30-39,Male
817,Taylor Brown,5,2023-11-09,"$42,460 (Grade 1)",50-59,Female
818,Parker Hall,8,2010-06-08,"$47,253 (Grade 2)",30-39,Male
819,Cameron Smith,3,2016-01-15,"$39,622 (Grade 1)",30-39,Female
820,Parker Smith,4,2010-05-01,"$37,468 (Grade 1)",50-59,Male
821,Casey Clark,5,2021-03-06,"$136,196 (Grade 7)",40-49,Female
822,Parker King,1,2013-04-11,"$51,314 (Grade 3)",20-29,Female
823,Reese Clark,2,2014-01-27,"$90,405 (Grade 5)",30-39,Female
824,Blake Clark,14,2015-08-02,"$36,998 (Grade 1)",50-59,Female
825,Morgan Young,1,2012-02-09,"$49,550 (Grade 2)",60+,Male
826,Jamie Clark,11,2013-07-23,"$55,293 (Grade 3)",20-29,Male
827,Riley Lewis,11,2018-01-31,"$53,255 (Grade 3)",20-29,Male
828,Jordan Lee,11,2010-05-04,"$70,633 (Grade 4)",30-39,Female
829,Quinn Johnson,7,2010-03-15,"$117,965 (Grade 7)",20-29,Female
830,Parker Hall,3,2012-01-04,"$62,628 (Grade 3)",30-39,Male
831,Jamie Johnson,11,2024-01-09,"$86,089 (Grade 5)",20-29,Male
832,Casey Allen,3,2012-05-29,"$107,575 (Grade 6)",30-39,Female
833,Morgan Martin,9,2017-10-16,"$131,123 (Grade 7)",50-59,Male
834,Alex Young,7,2013-01-08,"$61,868 (Grade 3)",40-49,Male
835,Jamie Young,8,2022-03-05,"$84,657 (Grade 5)",50-59,Male
836,Quinn Brown,9,2020-07-04,"$55,303 (Grade 3)",40-49,Male
837,Jordan Walker,3,2015-11-28,"$69,688 (Grade 4)",60+,Female
838,Jamie Smith,13,2018-07-03,"$106,579 (Grade 6)",30-39,Male
839,Quinn Wright,6,2015-05-11,"$130,322 (Grade 7)",40-49,Male
840,Drew Walker,14,2021-10-03,"$66,221 (Grade 4)",50-59,Male
841,Quinn Garcia,6,2012-06-23,"$70,552 (Grade 4)",20-29,Male
842,Alex Wright,3,2014-07-14,"$42,512 (Grade 2)",20-29,Female
843,Morgan Johnson,1,2024-10-03,"$87,733 (Grade 5)",50-59,Female
844,Alex Martin,4,2010-04-18,"$77,322 (Grade 5)",30-39,Female
845,Kendall Scott,14,2024-05-01,"$42,668 (Grade 1)",20-29,Female
846,Cameron Young,15,2011-04-23,"$72,093 (Grade 4)",60+,Female
847,Cameron Smith,12,2011-10-01,"$39,979 (Grade 1)",30-39,Male
848,Jordan Young,4,2014-04-02,"$87,626 (Grade 5)",30-39,Male
849,Quinn Allen,3,2019-04-25,"$93,289 (Grade 5)",20-29,Female
850,Drew Lewis,12,2012-05-02,"$103,994 (Grade 6)",30-39,Male
851,Cameron Clark,9,2013-07-19,"$60,773 (Grade 3)",60+,Female
852,Kendall Martin,15,2017-04-13,"$59,012 (Grade 3)",40-49,Female
853,Reese Allen,7,2017-04-03,"$133,785 (Grade 7)",60+,Male
854,Quinn Walker,4,2015-09-13,"$78,030 (Grade 4)",40-49,Female
855,Jamie Clark,1,2016-05-19,"$91,135 (Grade 6)",60+,Male
856,Cameron Brown,15,2016-09-26,"$50,107 (Grade 3)",30-39,Male
857,Blake Martin,1,2016-03-10,"$136,933 (Grade 7)",60+,Male
858,Jordan Smith,8,2013-02-07,"$52,557 (Grade 3)",40-49,Female
859,Kendall Hall,4,2016-09-26,"$46,198 (Grade 2)",20-29,Female
860,Quinn Scott,4,2017-04-13,"$92,529 (Grade 6)",50-59,Male
861,Jamie Wright,15,2022-12-04,"$113,030 (Grade 6)",20-29,Female
862,Alex Young,13,2011-10-05,"$87,502 (Grade 5)",20-29,Female
863,Casey Scott,14,2012-09-14,"$73,648 (Grade 4)",30-39,Male
864,Drew King,11,2016-11-01,"$61,773 (Grade 4)",60+,Male
865,Casey Walker,10,2021-04-08,"$47,354 (Grade 2)",30-39,Male
866,Alex Allen,12,2023-05-08,"$74,601 (Grade 4)",60+,Male
867,Morgan Clark,5,2013-04-27,"$122,921 (Grade 7)",30-39,Female
868,Jordan Lewis,10,2022-04-18,"$91,615 (Grade 6)",50-59,Female
869,Jordan Clark,9,2013-01-09,"$64,272 (Grade 4)",50-59,Male
870,Jamie Clark,11,2022-08-03,"$81,425 (Grade 5)",60+,Male
871,Morgan Johnson,5,2017-04-03,"$124,092 (Grade 7)",60+,Male
872,Jordan Allen,7,2017-10-24,"$71,969 (Grade 4)",30-39,Female
873,Casey Hall,11,2013-10-18,"$39,994 (Grade 1)",40-49,Female
874,Quinn Brown,8,2014-06-24,"$38,825 (Grade 1)",40-49,Male
875,Reese Young,14,2011-03-23,"$36,841 (Grade 1)",30-39,Male
876,Blake Wright,14,2017-09-13,"$50,225 (Grade 3)",20-29,Female
877,Jamie Lewis,1,2022-01-25,"$53,424 (Grade 3)",30-39,Male
878,Cameron Walker,13,2020-10-31,"$58,991 (Grade 3)",60+,Male
879,Parker Young,11,2023-01-28,"$41,170 (Grade 1)",60+,Male
880,Riley Brown,1,2023-11-11,"$53,288 (Grade 3)",40-49,Male
881,Jamie Allen,1,2024-10-23,"$41,367 (Grade 1)",40-49,Female
882,Blake Johnson,1,2024-07-25,"$64,211 (Grade 3)",50-59,Male
883,Avery Walker,12,2020-11-14,"$40,168 (Grade 1)",60+,Male
884,Taylor Lee,9,2010-06-26,"$78,372 (Grade 4)",20-29,Male
885,Kendall Walker,5,2018-10-28,"$58,027 (Grade 3)",30-39,Male
886,Casey Allen,6,2016-10-12,"$60,243 (Grade 3)",30-39,Female
887,Reese Smith,11,2018-09-07,"$64,396 (Grade 3)",20-29,Female
888,Morgan Brown,6,2011-12-21,"$64,497 (Grade 4)",50-59,Male
889,Avery Lee,10,2017-01-03,"$48,987 (Grade 2)",60+,Female
890,Jamie Walker,3,2013-02-09,"$52,690 (Grade 2)",60+,Male
891,Blake Brown,5,2021-10-01,"$113,105 (Grade 6)",30-39,Female
892,Kendall King,3,2013-07-18,"$108,508 (Grade 6)",40-49,Male
893,Cameron Walker,12,2017-02-14,"$38,016 (Grade 1)",30-39,Male
894,Reese Martin,15,2016-10-21,"$73,475 (Grade 4)",50-59,Female
895,Taylor King,4,2014-02-22,"$37,155 (Grade 1)",20-29,Female
896,Quinn Hall,10,2015-03-18,"$51,770 (Grade 2)",30-39,Male
897,Casey Johnson,12,2013-01-03,"$125,617 (Grade 7)",60+,Female
898,Parker Allen,6,2021-01-08,"$48,348 (Grade 2)",50-59,Male
899,Taylor Lee,4,2010-05-03,"$41,694 (Grade 1)",40-49,Female
900,Morgan Young,11,2014-08-03,"$54,415 (Grade 2)",20-29,Male
901,Kendall Lewis,14,2017-04-15,"$91,054 (Grade 5)",50-59,Male
902,Avery Clark,13,2018-07-14,"$44,960 (Grade 1)",40-49,Female
903,Quinn Young,10,2021-10-12,"$92,568 (Grade 5)",20-29,Male
904,Jamie Lewis,14,2021-08-20,"$39,025 (Grade 1)",60+,Female
905,Parker Smith,9,2024-02-23,"$76,912 (Grade 4)",20-29,Male
906,Riley Lewis,7,2016-05-31,"$62,675 (Grade 3)",50-59,Male
907,Avery Garcia,10,2013-03-11,"$43,470 (Grade 1)",50-59,Female
908,Jordan Young,9,2023-02-17,"$37,945 (Grade 1)",60+,Male
909,Avery Clark,6,2014-01-05,"$60,816 (Grade 4)",50-59,Male
910,Kendall Lewis,2,2024-07-19,"$55,309 (Grade 3)",30-39,Male
911,Jordan Johnson,12,2011-11-30,"$71,892 (Grade 4)",60+,Female
912,Parker King,9,2018-06-30,"$80,239 (Grade 5)",60+,Female
913,Alex King,3,2024-10-16,"$59,265 (Grade 3)",30-39,Male
914,Blake Brown,3,2011-02-25,"$133,332 (Grade 7)",50-59,Female
915,Riley Young,13,2024-01-19,"$69,462 (Grade 4)",30-39,Male
916,Kendall Brown,4,2010-04-11,"$39,146 (Grade 1)",50-59,Female
917,Blake Lewis,9,2023-08-21,"$110,188 (Grade 7)",50-59,Male
918,Morgan Hall,11,2019-03-14,"$74,868 (Grade 4)",50-59,Male
919,Quinn Hall,1,2016-03-28,"$50,967 (Grade 2)",60+,Male
920,Alex Brown,3,2010-10-28,"$40,718 (Grade 1)",30-39,Male
921,Drew Hall,14,2017-06-05,"$84,779 (Grade 5)",20-29,Male
922,Jordan Clark,3,2016-05-18,"$53,011 (Grade 2)",60+,Male
923,Jamie Young,10,2012-02-02,"$50,587 (Grade 3)",40-49,Female
924,Casey Scott,7,2019-08-02,"$112,217 (Grade 7)",60+,Male
925,Riley Lewis,3,2017-05-20,"$39,496 (Grade 1)",60+,Female
926,Cameron Lee,12,2011-04-22,"$52,027 (Grade 2)",20-29,Male
927,Jamie Young,12,2019-07-31,"$84,410 (Grade 5)",60+,Female
928,Riley Walker,10,2012-11-28,"$86,595 (Grade 5)",60+,Female
929,Cameron Young,11,2014-01-13,"$76,138 (Grade 4)",60+,Male
930,Parker Garcia,4,2010-07-16,"$36,936 (Grade 1)",50-59,Male
931,Parker Wright,4,2019-04-20,"$130,162 (Grade 7)",50-59,Male
932,Casey Martin,9,2014-10-06,"$130,889 (Grade 7)",20-29,Male
933,Parker Garcia,5,2016-11-26,"$112,222 (Grade 7)",40-49,Female
934,Reese Smith,2,2017-08-28,"$100,921 (Grade 6)",50-59,Male
935,Blake Brown,4,2017-07-31,"$63,661 (Grade 3)",50-59,Female
936,Reese Smith,11,2013-06-26,"$49,888 (Grade 2)",50-59,Female
937,Jamie King,14,2021-09-08,"$61,835 (Grade 4)",40-49,Female
938,Cameron Walker,1,2017-06-10,"$51,460 (Grade 2)",40-49,Male
939,Taylor Garcia,14,2018-06-01,"$40,556 (Grade 1)",60+,Male
940,Quinn Hall,7,2012-08-15,"$51,751 (Grade 2)",40-49,Female
941,Parker Smith,5,2021-02-23,"$62,844 (Grade 4)",30-39,Female
942,Jamie Wright,5,2016-10-12,"$50,603 (Grade 2)",30-39,Male
943,Casey King,1,2012-01-29,"$116,622 (Grade 7)",50-59,Male
944,Reese Lewis,15,2014-04-08,"$80,048 (Grade 5)",40-49,Female
945,Parker Wright,9,2017-05-05,"$62,706 (Grade 3)",30-39,Male
946,Blake Walker,11,2010-10-27,"$45,361 (Grade 2)",50-59,Female
947,Parker Wright,9,2016-12-22,"$35,067 (Grade 1)",20-29,Male
948,Casey Lewis,15,2021-09-04,"$36,689 (Grade 1)",40-49,Male
949,Quinn King,5,2017-03-13,"$96,876 (Grade 6)",30-39,Male
950,Riley Garcia,9,2019-11-23,"$62,661 (Grade 3)",20-29,Female
951,Taylor Brown,5,2023-12-22,"$35,249 (Grade 1)",60+,Male
952,Morgan Walker,6,2016-01-30,"$85,436 (Grade 5)",30-39,Female
953,Quinn Lee,3,2023-10-03,"$40,101 (Grade 1)",40-49,Female
954,Alex Brown,1,2012-05-17,"$61,653 (Grade 4)",50-59,Male
955,Jordan Clark,7,2023-05-16,"$53,545 (Grade 2)",60+,Female
956,Quinn Martin,5,2014-06-12,"$63,392 (Grade 3)",60+,Male
957,Kendall King,13,2012-12-15,"$78,605 (Grade 4)",20-29,Female
958,Jordan Lewis,5,2020-06-09,"$111,116 (Grade 6)",50-59,Male
959,Morgan Brown,14,2018-02-25,"$83,455 (Grade 5)",50-59,Male
960,Parker Scott,11,2017-04-14,"$62,923 (Grade 3)",50-59,Female
961,Alex Johnson,8,2020-09-26,"$40,758 (Grade 1)",50-59,Male
962,Riley King,6,2012-11-09,"$93,831 (Grade 5)",60+,Male
963,Avery Wright,12,2017-04-23,"$113,505 (Grade 7)",60+,Male
964,Reese Garcia,9,2023-03-31,"$73,133 (Grade 4)",50-59,Male
965,Quinn Lee,9,2018-08-11,"$49,903 (Grade 2)",20-29,Female
966,Morgan Wright,12,2019-10-07,"$89,127 (Grade 5)",60+,Female
967,Cameron Young,4,2025-01-07,"$52,856 (Grade 2)",20-29,Female
968,Jordan Hall,10,2022-06-14,"$70,661 (Grade 4)",20-29,Female
969,Taylor Garcia,7,2012-06-09,"$44,801 (Grade 1)",60+,Female
970,Casey Lewis,11,2012-01-12,"$92,014 (Grade 6)",30-39,Male
971,Kendall Hall,15,2010-01-02,"$130,844 (Grade 7)",30-39,Male
972,Jamie Walker,5,2020-01-12,"$78,937 (Grade 4)",30-39,Male
973,Drew Scott,6,2016-10-30,"$59,343 (Grade 3)",50-59,Female
974,Jordan Hall,1,2019-01-25,"$91,725 (Grade 5)",30-39,Female
975,Alex Martin,15,2010-01-07,"$76,740 (Grade 5)",60+,Female
976,Jordan Wright,5,2015-04-12,"$111,021 (Grade 7)",50-59,Female
977,Drew Martin,12,2018-07-23,"$73,304 (Grade 4)",50-59,Male
978,Drew Brown,8,2022-06-17,"$45,083 (Grade 2)",50-59,Female
979,Blake Clark,3,2025-01-11,"$64,298 (Grade 3)",30-39,Male
980,Alex Johnson,11,2020-12-01,"$37,359 (Grade 1)",50-59,Male
981,Jordan Brown,11,2020-03-24,"$123,626 (Grade 7)",60+,Female
982,Quinn Brown,8,2022-05-20,"$88,897 (Grade 5)",50-59,Female
983,Casey Lee,3,2010-03-02,"$79,810 (Grade 4)",60+,Female
984,Blake Young,4,2016-01-15,"$106,440 (Grade 6)",50-59,Female
985,Alex Smith,10,2012-07-16,"$72,077 (Grade 4)",60+,Female
986,Parker Johnson,3,2021-10-22,"$113,963 (Grade 6)",40-49,Female
987,Cameron Johnson,9,2015-07-02,"$77,898 (Grade 5)",50-59,Male
988,Drew Allen,9,2017-01-03,"$128,993 (Grade 7)",60+,Male
989,Kendall Martin,9,2020-07-07,"$110,353 (Grade 7)",50-59,Female
990,Quinn Young,6,2016-08-10,"$71,564 (Grade 4)",40-49,Male
991,Alex Young,15,2022-08-23,"$84,963 (Grade 5)",40-49,Male
992,Drew Lewis,10,2011-02-27,"$51,385 (Grade 2)",40-49,Male
993,Riley Lewis,2,2011-09-22,"$50,283 (Grade 2)",40-49,Female
994,Taylor Hall,5,2015-10-06,"$64,055 (Grade 3)",20-29,Male
995,Quinn Brown,15,2024-10-13,"$79,952 (Grade 5)",50-59,Female
996,Reese Brown,5,2015-04-19,"$132,962 (Grade 7)",50-59,Male
997,Reese Walker,14,2011-11-23,"$40,617 (Grade 1)",30-39,Male
998,Blake Lewis,13,2015-05-04,"$72,555 (Grade 4)",50-59,Male
999,Morgan Hall,12,2011-03-22,"$121,307 (Grade 7)",40-49,Male
1000,Alex Brown,8,2016-10-04,"$75,605 (Grade 4)",50-59,Male
